Name,Team,Age,Baseline,MeanOvr,MeanDelta,StdDelta,MinOvr,MaxOvr,Q10,Q25,Q75,Q90,PctPositive
Arron Afflalo,DET,36,57.0,53.0,-4.020,1.302,49.0,56.0,51.0,52.0,54.0,55.0,0.000
Alexis Ajinça,SA,33,58.0,55.6,-2.431,0.667,54.0,58.0,55.0,55.0,56.0,56.0,0.000
LaMarcus Aldridge (PO),TOR,36,68.0,65.5,-2.476,0.678,64.0,67.0,65.0,65.0,66.0,66.0,0.000
Lavoy Allen,CHI,32,54.0,50.0,-4.022,1.081,46.0,53.0,49.0,49.0,51.0,51.0,0.000
Ray Allen,FA,46,43.0,37.1,-5.864,1.249,34.0,41.0,36.0,36.0,38.0,39.0,0.000
Al-Farouq Aminu,MIN,31,53.0,47.2,-5.811,0.954,44.0,50.0,46.0,47.0,48.0,48.0,0.000
James Anderson (PO),MEM,32,57.0,54.2,-2.781,0.791,52.0,56.0,53.0,54.0,55.0,55.0,0.000
Ryan Anderson (PO),MIA,33,60.0,58.9,-1.107,0.578,58.0,60.0,58.0,59.0,59.0,60.0,0.000
Carmelo Anthony (PO),MEM,37,72.0,68.5,-3.524,0.777,66.0,70.0,68.0,68.0,69.0,69.0,0.000
Trevor Ariza,MIA,36,59.0,55.4,-3.568,0.887,52.0,58.0,54.0,55.0,56.0,57.0,0.000
D.J. Augustin,UTA,34,53.0,48.1,-4.873,1.079,45.0,51.0,47.0,47.0,49.0,49.0,0.000
Gustavo Ayón,POR,36,50.0,43.0,-7.002,1.432,39.0,47.0,41.0,42.0,44.0,45.0,0.000
Andrea Bargnani (PO),SAC,36,64.0,60.3,-3.663,0.875,58.0,63.0,59.0,60.0,61.0,61.0,0.000
Brandon Bass,WAS,36,57.0,52.0,-5.013,1.398,48.0,55.0,50.0,51.0,53.0,54.0,0.000
Nicolas Batum (PO),TOR,33,63.0,59.8,-3.160,0.659,58.0,62.0,59.0,59.0,60.0,61.0,0.000
Jerryd Bayless (TO),CHI,33,62.0,60.6,-1.408,0.564,59.0,62.0,60.0,60.0,61.0,61.0,0.000
Michael Beasley,GSW,32,64.0,62.7,-1.342,0.568,61.0,64.0,62.0,62.0,63.0,63.0,0.000
Rodrigue Beaubois,FA,33,41.0,39.1,-1.870,0.929,37.0,42.0,38.0,39.0,40.0,40.0,0.001
Marco Belinelli,DET,35,53.0,45.7,-7.277,1.631,40.0,50.0,44.0,45.0,47.0,48.0,0.000
Bismack Biyombo,POR,29,56.0,55.9,-0.065,1.160,54.0,66.0,55.0,55.0,56.0,57.0,0.152
DeJuan Blair,MIN,32,56.0,52.6,-3.377,1.049,49.0,55.0,51.0,52.0,53.0,54.0,0.000
Eric Bledsoe,UTA,32,55.0,49.5,-5.452,1.108,46.0,53.0,48.0,49.0,50.0,51.0,0.000
Andrew Bogut,FA,37,43.0,36.5,-6.471,1.209,33.0,40.0,35.0,36.0,37.0,38.0,0.000
Carlos Boozer,FA,40,37.0,32.4,-4.606,0.971,30.0,35.0,31.0,32.0,33.0,34.0,0.000
Chris Bosh  (PO),ATL,37,64.0,60.5,-3.497,0.769,59.0,63.0,60.0,60.0,61.0,61.0,0.000
Avery Bradley,FA,31,48.0,42.4,-5.577,0.920,40.0,45.0,41.0,42.0,43.0,44.0,0.000
Corey Brewer,FA,35,53.0,46.0,-6.991,1.497,42.0,51.0,44.0,45.0,47.0,48.0,0.000
Ronnie Brewer,MIN,36,57.0,51.6,-5.431,1.520,47.0,55.0,50.0,51.0,53.0,54.0,0.000
Aaron Brooks (PO),UTA,36,48.0,41.3,-6.718,1.470,37.0,45.0,39.0,40.0,42.0,43.0,0.000
MarShon Brooks,ORL,32,61.0,60.0,-1.047,0.579,58.0,61.0,59.0,60.0,60.0,61.0,0.000
Derrick Brown,CLE,34,54.0,46.8,-7.161,1.083,44.0,50.0,45.0,46.0,48.0,48.0,0.000
Shannon Brown,UTA,36,54.0,47.0,-6.958,1.421,43.0,52.0,45.0,46.0,48.0,49.0,0.000
Kobe Bryant,DET,43,53.0,46.7,-6.346,1.444,42.0,51.0,45.0,46.0,48.0,49.0,0.000
Chase Budinger,OKC,33,57.0,54.4,-2.618,0.777,52.0,56.0,53.0,54.0,55.0,55.0,0.000
Alec Burks,UTA,30,73.0,73.9,0.876,0.650,72.0,76.0,73.0,73.0,74.0,75.0,0.728
Jimmy Butler,FA,32,44.0,38.4,-5.570,0.898,36.0,41.0,37.0,38.0,39.0,40.0,0.000
Andrew Bynum (PO),LAC,34,65.0,63.6,-1.372,0.578,62.0,65.0,63.0,63.0,64.0,64.0,0.000
Will Bynum,FA,38,33.0,28.4,-4.621,1.114,25.0,32.0,27.0,28.0,29.0,30.0,0.000
Omri Casspi (PO),CLE,33,59.0,56.3,-2.663,0.654,55.0,58.0,56.0,56.0,57.0,57.0,0.000
Mario Chalmers (PO),MEM,35,58.0,53.8,-4.201,1.156,50.0,57.0,52.0,53.0,55.0,55.0,0.000
Tyson Chandler,FA,39,52.0,45.5,-6.478,1.469,41.0,49.0,44.0,44.0,47.0,47.0,0.000
Earl Clark,ORL,33,51.0,46.7,-4.310,1.120,44.0,50.0,45.0,46.0,47.0,48.0,0.000
Darren Collison,MIA,34,58.0,54.9,-3.135,0.702,52.0,57.0,54.0,54.0,55.0,56.0,0.000
Mike Conley,GSW,34,67.0,64.2,-2.805,0.675,62.0,66.0,63.0,64.0,65.0,65.0,0.000
Daequan Cook (PO),SAC,34,59.0,56.3,-2.702,0.649,55.0,58.0,56.0,56.0,57.0,57.0,0.000
DeMarcus Cousins,MIN,31,72.0,71.2,-0.809,0.566,70.0,73.0,71.0,71.0,72.0,72.0,0.003
Jamal Crawford,SA,41,53.0,45.7,-7.308,1.667,41.0,50.0,44.0,45.0,47.0,48.0,0.000
Jordan Crawford (PO),IND,33,65.0,62.4,-2.557,0.680,61.0,64.0,62.0,62.0,63.0,63.0,0.000
Dante Cunningham,FA,34,50.0,44.7,-5.310,0.898,42.0,48.0,44.0,44.0,45.0,46.0,0.000
Stephen Curry (PO),MEM,33,71.0,71.1,0.077,0.561,70.0,73.0,70.0,71.0,71.0,72.0,0.197
Glen Davis,CHI,35,57.0,53.3,-3.720,1.131,50.0,56.0,52.0,53.0,54.0,55.0,0.000
Austin Daye (PO),LAC,33,59.0,56.7,-2.252,0.662,55.0,58.0,56.0,56.0,57.0,58.0,0.000
Carlos Delfino,FA,39,46.0,39.5,-6.540,1.414,36.0,44.0,38.0,38.0,40.0,41.0,0.000
Luol Deng,HOU,36,63.0,60.2,-2.838,0.772,58.0,62.0,59.0,60.0,61.0,61.0,0.000
DeMar DeRozan,FA,32,54.0,46.2,-7.753,0.934,44.0,49.0,45.0,46.0,47.0,47.0,0.000
Goran Dragić,HOU,35,62.0,58.8,-3.220,0.785,57.0,61.0,58.0,58.0,59.0,60.0,0.000
Jared Dudley,FA,36,52.0,45.5,-6.528,1.445,41.0,50.0,44.0,44.0,46.0,47.0,0.000
Mike Dunleavy,FA,41,47.0,40.6,-6.353,1.505,37.0,45.0,39.0,40.0,42.0,43.0,0.000
Kevin Durant (PO),OKC,33,72.0,71.3,-0.650,0.577,70.0,73.0,71.0,71.0,72.0,72.0,0.004
Monta Ellis (PO),GSW,36,66.0,62.5,-3.476,0.760,60.0,65.0,62.0,62.0,63.0,63.0,0.000
Tyreke Evans (PO),CHI,32,66.0,65.2,-0.805,0.556,64.0,66.0,65.0,65.0,66.0,66.0,0.000
Kenneth Faried,DEN,32,57.0,56.1,-0.874,0.578,55.0,57.0,55.0,56.0,56.0,57.0,0.000
Jordan Farmar,POR,35,56.0,50.4,-5.570,1.427,46.0,54.0,49.0,50.0,51.0,52.0,0.000
Derrick Favors,WAS,30,63.0,63.3,0.302,0.563,62.0,65.0,63.0,63.0,64.0,64.0,0.347
Raymond Felton,FA,37,52.0,45.4,-6.567,1.447,41.0,49.0,44.0,44.0,46.0,47.0,0.000
Rudy Fernández,FA,36,50.0,42.3,-7.659,1.597,38.0,47.0,40.0,41.0,43.0,44.0,0.000
Landry Fields (PO),HOU,33,58.0,55.3,-2.728,0.690,53.0,57.0,54.0,55.0,56.0,56.0,0.000
Jimmer Fredette,FA,32,49.0,36.8,-12.155,0.625,35.0,39.0,36.0,36.0,37.0,38.0,0.000
Channing Frye,DET,38,56.0,51.3,-4.736,1.400,47.0,55.0,49.0,50.0,52.0,53.0,0.000
Sundiata Gaines,OKC,35,54.0,47.6,-6.448,1.526,42.0,52.0,46.0,47.0,49.0,49.0,0.000
Danilo Gallinari (PO),LAC,33,65.0,63.8,-1.159,0.590,62.0,65.0,63.0,63.0,64.0,65.0,0.000
Kevin Garnett,FA,45,49.0,41.1,-7.876,1.632,36.0,47.0,39.0,40.0,42.0,43.0,0.000
Marc Gasol (PO),CLE,36,64.0,60.4,-3.580,0.779,58.0,63.0,59.0,60.0,61.0,61.0,0.000
Pau Gasol,FA,41,50.0,43.4,-6.628,1.464,39.0,47.0,41.0,42.0,44.0,45.0,0.000
Rudy Gay,DEN,35,70.0,65.7,-4.255,0.860,64.0,68.0,65.0,65.0,66.0,67.0,0.000
Alonzo Gee,IND,34,61.0,58.5,-2.489,0.671,57.0,60.0,58.0,58.0,59.0,59.0,0.000
Paul George,LAC,31,70.0,68.8,-1.236,0.569,67.0,70.0,68.0,68.0,69.0,69.0,0.000
Taj Gibson,FA,36,50.0,42.1,-7.898,1.642,37.0,47.0,40.0,41.0,43.0,44.0,0.000
Drew Gooden,FA,40,47.0,40.3,-6.748,1.407,37.0,44.0,38.0,39.0,41.0,42.0,0.000
Eric Gordon (PO),OKC,33,59.0,56.8,-2.204,0.670,55.0,59.0,56.0,56.0,57.0,58.0,0.000
Marcin Gortat,IND,37,60.0,56.7,-3.287,0.749,55.0,59.0,56.0,56.0,57.0,58.0,0.000
Andrew Goudelock,FA,33,44.0,39.1,-4.915,1.082,36.0,42.0,38.0,38.0,40.0,40.0,0.000
Danny Granger,CHA,38,58.0,54.3,-3.741,1.072,51.0,57.0,53.0,54.0,55.0,55.0,0.000
Danny Green,HOU,34,59.0,55.6,-3.400,0.597,54.0,57.0,55.0,55.0,56.0,56.0,0.000
Donté Greene (PO),SAC,33,59.0,56.5,-2.517,0.693,55.0,58.0,56.0,56.0,57.0,57.0,0.000
Gerald Green,FA,35,41.0,35.2,-5.757,1.048,33.0,39.0,34.0,35.0,36.0,37.0,0.000
Jeff Green,HOU,35,56.0,52.6,-3.384,1.222,49.0,56.0,51.0,52.0,54.0,54.0,0.000
Blake Griffin (PO),DET,32,66.0,65.3,-0.695,0.576,64.0,67.0,65.0,65.0,66.0,66.0,0.005
Tyler Hansbrough,FA,36,47.0,40.9,-6.148,1.386,37.0,45.0,39.0,40.0,42.0,43.0,0.000
James Harden (PO),DET,32,73.0,72.4,-0.578,0.581,71.0,74.0,72.0,72.0,73.0,73.0,0.010
Justin Harper,FA,32,39.0,33.1,-5.872,0.674,31.0,35.0,32.0,33.0,34.0,34.0,0.000
Josh Harrellson,SA,32,56.0,52.3,-3.701,1.097,49.0,55.0,51.0,52.0,53.0,54.0,0.000
Devin Harris,MIA,38,56.0,50.6,-5.382,1.424,46.0,55.0,49.0,50.0,52.0,52.0,0.000
Manny Harris,WAS,32,66.0,65.2,-0.780,0.578,64.0,67.0,65.0,65.0,66.0,66.0,0.003
Tobias Harris,FA,29,47.0,46.3,-0.737,2.027,43.0,60.0,45.0,45.0,47.0,47.0,0.085
Spencer Hawes,FA,33,49.0,44.5,-4.513,1.089,42.0,48.0,43.0,44.0,45.0,46.0,0.000
Gordon Hayward,UTA,31,73.0,72.0,-0.993,0.604,70.0,73.0,71.0,72.0,72.0,73.0,0.000
Xavier Henry,FA,30,45.0,43.0,-2.046,1.068,40.0,46.0,42.0,42.0,44.0,44.0,0.005
Roy Hibbert,SA,35,61.0,57.4,-3.628,0.786,55.0,60.0,56.0,57.0,58.0,58.0,0.000
J.J. Hickson,FA,33,57.0,51.8,-5.215,1.125,49.0,55.0,50.0,51.0,53.0,53.0,0.000
Nenê Nenê,FA,39,42.0,35.8,-6.249,1.087,33.0,40.0,34.0,35.0,36.0,37.0,0.000
George Hill,GSW,35,54.0,47.7,-6.292,1.428,43.0,52.0,46.0,47.0,49.0,49.0,0.000
Jordan Hill,DAL,34,61.0,59.7,-1.297,0.573,58.0,61.0,59.0,59.0,60.0,60.0,0.000
Jrue Holiday (PO),CLE,31,71.0,70.2,-0.841,0.678,68.0,72.0,69.0,70.0,71.0,71.0,0.011
Al Horford,DAL,35,61.0,58.1,-2.863,0.777,56.0,60.0,57.0,58.0,59.0,59.0,0.000
Dwight Howard (PO),WAS,36,74.0,71.1,-2.949,0.758,69.0,73.0,70.0,71.0,72.0,72.0,0.000
Kris Humphries (PO),NYK,36,57.0,52.9,-4.062,1.179,48.0,55.0,51.0,52.0,54.0,54.0,0.000
Andre Iguodala (PO),LAC,37,65.0,61.6,-3.409,0.862,59.0,64.0,61.0,61.0,62.0,63.0,0.000
Ersan İlyasova (PO),OKC,34,65.0,64.1,-0.867,0.593,62.0,66.0,63.0,64.0,64.0,65.0,0.001
Kyrie Irving,MIN,29,68.0,69.1,1.123,0.708,67.0,71.0,68.0,69.0,70.0,70.0,0.835
Jarrett Jack,NOL,38,52.0,45.2,-6.757,1.410,41.0,50.0,43.0,44.0,46.0,47.0,0.000
Reggie Jackson,FA,31,42.0,37.5,-4.491,0.983,35.0,41.0,36.0,37.0,38.0,39.0,0.000
LeBron James (PO),CLE,37,76.0,73.1,-2.859,0.664,71.0,75.0,72.0,73.0,74.0,74.0,0.000
Al Jefferson (PO),WAS,36,63.0,59.4,-3.619,0.874,57.0,62.0,58.0,59.0,60.0,60.0,0.000
Brandon Jennings (PO),IND,32,66.0,65.3,-0.666,0.597,64.0,67.0,65.0,65.0,66.0,66.0,0.014
Jonas Jerebko (TO),CHI,34,64.0,62.8,-1.188,0.585,61.0,64.0,62.0,62.0,63.0,63.0,0.000
Chris Johnson,FA,36,42.0,35.7,-6.262,1.055,33.0,40.0,34.0,35.0,36.0,37.0,0.000
James Johnson,HOU,34,58.0,54.3,-3.663,0.795,51.0,56.0,53.0,54.0,55.0,55.0,0.000
Joe Johnson (PO),TOR,40,58.0,54.5,-3.484,1.033,51.0,57.0,53.0,54.0,55.0,56.0,0.000
Dominique Jones,FA,33,52.0,42.2,-9.793,0.945,40.0,45.0,41.0,42.0,43.0,43.0,0.000
DeAndre Jordan,SAC,33,58.0,55.1,-2.882,0.678,53.0,57.0,54.0,55.0,56.0,56.0,0.000
Cory Joseph,FA,30,49.0,47.6,-1.413,1.037,45.0,51.0,46.0,47.0,48.0,49.0,0.025
Enes Kanter,LAL,29,66.0,67.2,1.223,0.737,65.0,69.0,66.0,67.0,68.0,68.0,0.847
D.J. Kennedy,FA,32,45.0,40.1,-4.941,1.122,37.0,43.0,39.0,39.0,41.0,41.0,0.000
Andrei Kirilenko,UTA,40,55.0,47.6,-7.410,1.674,43.0,53.0,45.0,46.0,49.0,50.0,0.000
Linas Kleiza (PO),LAL,36,61.0,57.4,-3.627,0.771,55.0,59.0,56.0,57.0,58.0,58.0,0.000
Brandon Knight,CHA,30,67.0,67.0,-0.040,0.650,65.0,69.0,66.0,67.0,67.0,68.0,0.188
Kyle Korver,FA,40,47.0,40.2,-6.760,1.430,36.0,44.0,38.0,39.0,41.0,42.0,0.000
Kosta Koufos (TO),LAC,32,61.0,60.2,-0.816,0.595,59.0,62.0,60.0,60.0,61.0,61.0,0.003
Ty Lawson,DEN,34,68.0,66.8,-1.228,0.598,65.0,68.0,66.0,66.0,67.0,67.0,0.000
Courtney Lee,SAC,36,57.0,52.6,-4.375,1.340,48.0,56.0,51.0,52.0,54.0,54.0,0.000
David Lee,DET,38,57.0,52.5,-4.512,1.375,48.0,56.0,51.0,51.0,54.0,54.0,0.000
Kawhi Leonard,SA,30,75.0,75.4,0.412,0.608,74.0,77.0,75.0,75.0,76.0,76.0,0.448
Jon Leuer,FA,32,45.0,40.8,-4.215,1.104,38.0,44.0,39.0,40.0,42.0,42.0,0.000
DeAndre Liggins,FA,33,51.0,45.6,-5.369,0.939,43.0,48.0,44.0,45.0,46.0,47.0,0.000
Jeremy Lin,MIA,33,57.0,54.6,-2.447,0.748,52.0,57.0,54.0,54.0,55.0,55.0,0.000
Brook Lopez (TO),UTA,33,62.0,60.7,-1.290,0.588,59.0,62.0,60.0,60.0,61.0,61.0,0.000
Robin Lopez,DET,33,54.0,49.0,-5.045,0.927,46.0,52.0,48.0,48.0,50.0,50.0,0.000
Kevin Love (PO),SAC,33,77.0,77.0,0.010,0.379,76.0,78.0,77.0,77.0,77.0,77.0,0.077
Kyle Lowry,SA,35,65.0,62.1,-2.931,0.777,60.0,64.0,61.0,62.0,63.0,63.0,0.000
John Lucas III,FA,39,32.0,28.9,-3.051,0.800,27.0,31.0,28.0,28.0,29.0,30.0,0.000
Shelvin Mack,FA,31,51.0,46.5,-4.538,1.085,43.0,49.0,45.0,46.0,47.0,48.0,0.000
Ian Mahinmi,FA,35,50.0,43.3,-6.731,1.467,39.0,47.0,41.0,42.0,44.0,45.0,0.000
Kevin Martin (PO),HOU,38,64.0,61.6,-2.381,0.665,60.0,64.0,61.0,61.0,62.0,62.0,0.000
Wesley Matthews (PO),WAS,35,64.0,59.9,-4.085,0.885,58.0,63.0,59.0,59.0,60.0,61.0,0.000
O.J. Mayo (PO),LAC,34,62.0,59.5,-2.547,0.653,58.0,61.0,59.0,59.0,60.0,60.0,0.000
Luc Mbah a Moute,MEM,35,53.0,46.2,-6.772,1.430,42.0,51.0,44.0,45.0,47.0,48.0,0.000
JaVale McGee (PO),MIA,33,60.0,58.4,-1.552,0.577,57.0,60.0,58.0,58.0,59.0,59.0,0.000
Dominic McGuire,FA,36,47.0,39.9,-7.077,1.369,36.0,45.0,38.0,39.0,41.0,42.0,0.000
Jodie Meeks,POR,34,52.0,46.7,-5.294,0.931,44.0,49.0,46.0,46.0,47.0,48.0,0.000
C.J. Miles,FA,34,49.0,42.3,-6.745,1.105,39.0,45.0,41.0,41.0,43.0,44.0,0.000
Paul Millsap (PO),UTA,36,68.0,64.6,-3.399,0.812,62.0,67.0,64.0,64.0,65.0,66.0,0.000
Greg Monroe,UTA,31,56.0,55.4,-0.644,0.591,54.0,57.0,55.0,55.0,56.0,56.0,0.011
E'Twaun Moore,LAL,32,40.0,33.7,-6.299,0.679,32.0,36.0,33.0,33.0,34.0,34.0,0.000
Darius Morris (PO),WAS,30,59.0,58.5,-0.504,0.680,56.0,60.0,58.0,58.0,59.0,59.0,0.049
Anthony Morrow,OKC,36,57.0,52.4,-4.599,1.387,48.0,55.0,51.0,52.0,53.0,54.0,0.000
Gary Neal,FA,37,49.0,42.8,-6.187,1.420,39.0,47.0,41.0,42.0,44.0,45.0,0.000
Joakim Noah (PO),MEM,36,62.0,59.1,-2.887,0.796,57.0,61.0,58.0,59.0,60.0,60.0,0.000
Steve Novak,DET,38,53.0,46.9,-6.058,1.443,43.0,51.0,45.0,46.0,48.0,49.0,0.000
Dirk Nowitzki,DAL,43,50.0,43.0,-6.976,1.466,38.0,47.0,41.0,42.0,44.0,45.0,0.000
Greg Oden,OKC,33,59.0,58.1,-0.869,0.583,57.0,60.0,57.0,58.0,58.0,59.0,0.001
Daniel Orton,FA,31,44.0,38.1,-5.913,0.895,36.0,41.0,37.0,37.0,39.0,39.0,0.000
Zaza Pachulia,CLE,37,54.0,46.8,-7.203,1.611,42.0,53.0,45.0,46.0,48.0,49.0,0.000
Tony Parker,OKC,39,57.0,52.7,-4.269,1.335,49.0,56.0,51.0,52.0,54.0,54.0,0.000
Chandler Parsons,FA,33,55.0,48.6,-6.380,1.077,45.0,52.0,47.0,48.0,49.0,50.0,0.000
Patrick Patterson ,FA,32,52.0,46.3,-5.716,0.891,43.0,49.0,45.0,46.0,47.0,47.0,0.000
Chris Paul (PO),LAC,36,77.0,74.2,-2.790,0.677,72.0,76.0,73.0,74.0,75.0,75.0,0.000
Nikola Peković,MEM,35,56.0,51.5,-4.530,1.436,47.0,55.0,50.0,50.0,52.0,53.0,0.000
Paul Pierce (PO),MIA,44,55.0,48.5,-6.549,1.432,44.0,52.0,47.0,47.0,49.0,50.0,0.000
Dexter Pittman,FA,33,51.0,46.1,-4.876,1.054,43.0,49.0,45.0,45.0,47.0,47.0,0.000
Zach Randolph,OKC,40,52.0,45.9,-6.138,1.522,41.0,51.0,44.0,45.0,47.0,48.0,0.000
JJ Redick,DEN,37,57.0,53.2,-3.812,1.279,49.0,56.0,51.0,52.0,54.0,55.0,0.000
Luke Ridnour,FA,40,35.0,30.6,-4.407,0.999,28.0,33.0,29.0,30.0,31.0,32.0,0.000
Nate Robinson,SAC,37,56.0,50.9,-5.084,1.446,47.0,54.0,49.0,50.0,52.0,53.0,0.000
Rajon Rondo (TO),UTA,35,67.0,63.7,-3.319,0.784,62.0,66.0,63.0,63.0,64.0,65.0,0.000
Derrick Rose (PO),OKC,33,64.0,63.4,-0.580,0.576,62.0,65.0,63.0,63.0,64.0,64.0,0.012
Ricky Rubio,FA,31,53.0,47.8,-5.154,1.067,45.0,51.0,47.0,47.0,49.0,49.0,0.000
Brandon Rush,FA,36,52.0,44.9,-7.142,1.448,40.0,49.0,43.0,44.0,46.0,47.0,0.000
Josh Selby,FA,30,51.0,49.5,-1.528,0.920,47.0,52.0,48.0,49.0,50.0,51.0,0.008
Kevin Séraphin (PO),WAS,32,58.0,55.0,-3.043,0.682,53.0,57.0,54.0,55.0,55.0,56.0,0.000
Ramon Sessions,CHA,35,58.0,54.3,-3.748,1.015,51.0,57.0,53.0,54.0,55.0,55.0,0.000
Iman Shumpert (PO),CHI,31,59.0,56.4,-2.631,0.673,54.0,58.0,56.0,56.0,57.0,57.0,0.000
Chris Singleton,FA,32,51.0,44.9,-6.083,0.936,42.0,48.0,44.0,44.0,46.0,46.0,0.000
Donald Sloan,MIN,33,54.0,48.3,-5.744,0.946,46.0,51.0,47.0,48.0,49.0,49.0,0.000
Greg Smith,POR,30,60.0,59.7,-0.319,0.647,58.0,61.0,59.0,59.0,60.0,60.0,0.085
Jason Smith,FA,35,50.0,44.3,-5.735,1.318,40.0,48.0,43.0,43.0,45.0,46.0,0.000
Josh Smith (PO),SAC,36,70.0,67.1,-2.917,0.756,65.0,69.0,66.0,67.0,68.0,68.0,0.000
J.R. Smith (PO),WAS,36,58.0,54.0,-3.997,1.149,50.0,57.0,52.0,53.0,55.0,55.0,0.000
Tiago Splitter,SAC,36,57.0,52.5,-4.489,1.414,48.0,56.0,51.0,52.0,54.0,54.0,0.000
Lance Stephenson,FA,31,47.0,42.4,-4.558,1.072,39.0,46.0,41.0,42.0,43.0,44.0,0.000
Amar'e Stoudemire,FA,39,53.0,46.0,-7.018,1.604,41.0,51.0,44.0,45.0,47.0,48.0,0.000
Rodney Stuckey (PO),CHI,35,64.0,60.0,-3.992,0.848,58.0,62.0,59.0,59.0,61.0,61.0,0.000
Jeff Teague (PO),DET,33,69.0,68.0,-0.957,0.601,66.0,70.0,67.0,68.0,68.0,69.0,0.001
Isaiah Thomas,DAL,32,55.0,51.1,-3.909,1.125,48.0,54.0,50.0,50.0,52.0,53.0,0.000
Jason Thompson,FA,35,52.0,44.8,-7.179,1.618,40.0,50.0,43.0,44.0,46.0,47.0,0.000
Klay Thompson,MIN,31,63.0,60.5,-2.538,0.677,59.0,62.0,60.0,60.0,61.0,61.0,0.000
Tristan Thompson,NYK,30,54.0,52.7,-1.311,1.008,50.0,55.0,51.0,52.0,53.0,54.0,0.017
Trey Thompkins,FA,31,50.0,45.1,-4.933,1.120,42.0,48.0,44.0,44.0,46.0,46.0,0.000
Marcus Thornton (TO),CHI,34,62.0,60.9,-1.135,0.592,59.0,62.0,60.0,61.0,61.0,62.0,0.000
Jeremy Tyler,FA,30,34.0,33.5,-0.536,0.751,31.0,35.0,33.0,33.0,34.0,34.0,0.072
Greivis Vásquez (PO),MIN,34,61.0,58.4,-2.606,0.664,57.0,61.0,58.0,58.0,59.0,59.0,0.000
Jan Veselý,FA,31,45.0,37.9,-7.121,0.896,36.0,41.0,37.0,37.0,38.0,39.0,0.000
Nikola Vučević,FA,31,43.0,38.2,-4.773,1.068,36.0,41.0,37.0,37.0,39.0,40.0,0.000
Dwyane Wade (PO),OKC,39,62.0,58.6,-3.430,0.867,56.0,61.0,57.0,58.0,59.0,60.0,0.000
Kemba Walker,WAS,31,69.0,67.9,-1.077,0.660,66.0,70.0,67.0,68.0,68.0,69.0,0.001
Gerald Wallace,FA,39,52.0,45.7,-6.285,1.485,42.0,49.0,44.0,45.0,47.0,48.0,0.000
John Wall,POR,31,62.0,61.8,-0.245,0.646,60.0,63.0,61.0,61.0,62.0,63.0,0.106
Hakim Warrick,FA,39,35.0,30.4,-4.586,0.984,27.0,33.0,29.0,30.0,31.0,32.0,0.000
C.J. Watson,FA,37,44.0,36.9,-7.131,1.352,33.0,41.0,35.0,36.0,38.0,39.0,0.000
Martell Webster,FA,35,48.0,41.4,-6.576,1.434,38.0,45.0,40.0,40.0,42.0,43.0,0.000
Russell Westbrook (PO),OKC,33,78.0,77.9,-0.128,0.496,77.0,79.0,77.0,78.0,78.0,78.0,0.067
David West,FA,41,46.0,39.0,-7.041,1.416,35.0,43.0,37.0,38.0,40.0,41.0,0.000
Deron Williams,HOU,37,61.0,57.4,-3.627,0.850,55.0,60.0,56.0,57.0,58.0,58.0,0.000
Derrick Williams,IND,30,49.0,47.3,-1.728,1.043,44.0,50.0,46.0,47.0,48.0,49.0,0.013
Elliot Williams,FA,32,51.0,44.0,-6.998,0.922,41.0,47.0,43.0,43.0,45.0,45.0,0.000
Jordan Williams,DET,31,66.0,65.3,-0.689,0.653,64.0,67.0,65.0,65.0,66.0,66.0,0.016
Lou Williams (PO),CHI,35,66.0,62.9,-3.126,0.777,61.0,65.0,62.0,62.0,63.0,64.0,0.000
Marvin Williams (TO),SAC,35,62.0,58.6,-3.440,0.837,56.0,61.0,58.0,58.0,59.0,60.0,0.000
Reggie Williams,CHI,35,54.0,46.8,-7.188,1.644,42.0,52.0,45.0,46.0,48.0,49.0,0.000
Terrence Williams,FA,34,53.0,45.9,-7.113,0.930,43.0,48.0,45.0,45.0,46.0,47.0,0.000
Brandan Wright,SA,34,57.0,54.3,-2.701,0.779,52.0,56.0,53.0,54.0,55.0,55.0,0.000
Dorell Wright (PO),MIN,36,65.0,61.3,-3.723,0.770,59.0,64.0,60.0,61.0,62.0,62.0,0.000
Nick Young,FA,36,51.0,43.1,-7.924,1.618,38.0,47.0,41.0,42.0,44.0,45.0,0.000
Thaddeus Young,CLE,33,67.0,65.9,-1.062,0.569,64.0,67.0,65.0,66.0,66.0,67.0,0.000
Álex Abrines,MEM,28,57.0,56.8,-0.174,1.268,55.0,67.0,56.0,56.0,57.0,58.0,0.130
Quincy Acy,FA,31,50.0,45.8,-4.217,1.129,42.0,49.0,44.0,45.0,47.0,47.0,0.000
Jordan Adams,SA,27,58.0,57.1,-0.863,1.106,55.0,67.0,56.0,57.0,58.0,58.0,0.032
Steven Adams,MIL,28,66.0,66.3,0.350,0.722,65.0,68.0,65.0,66.0,67.0,67.0,0.403
Cliff Alexander,BOS,26,40.0,39.5,-0.476,2.336,37.0,57.0,38.0,39.0,40.0,41.0,0.124
Justin Anderson,LAL,28,44.0,40.0,-4.004,2.564,37.0,59.0,38.0,39.0,41.0,41.0,0.019
Kyle Anderson,GSW,28,61.0,61.0,0.029,0.748,59.0,64.0,60.0,61.0,62.0,62.0,0.257
Giannis Antetokounmpo,TOR,27,67.0,67.0,-0.027,0.759,65.0,69.0,66.0,66.0,67.0,68.0,0.243
Thanasis Antetokounmpo,DEN,29,43.0,40.6,-2.428,2.038,37.0,56.0,39.0,40.0,41.0,42.0,0.015
Keith Appling,UTA,29,38.0,40.1,2.063,1.968,37.0,54.0,38.0,39.0,41.0,41.0,0.876
Ron Baker,NYK,28,38.0,35.0,-2.992,2.854,32.0,56.0,34.0,34.0,35.0,36.0,0.022
Wade Baldwin,HOU,25,36.0,36.0,0.000,0.000,36.0,36.0,36.0,36.0,36.0,36.0,0.000
Harrison Barnes,TOR,29,76.0,76.9,0.867,0.632,75.0,79.0,76.0,76.0,77.0,78.0,0.744
Will Barton,FA,30,38.0,36.6,-1.386,0.712,35.0,39.0,36.0,36.0,37.0,37.0,0.004
Bradley Beal,TOR,28,58.0,58.3,0.341,1.394,56.0,69.0,57.0,58.0,59.0,59.0,0.350
Malik Beasley,ATL,25,45.0,45.0,0.000,0.000,45.0,45.0,45.0,45.0,45.0,45.0,0.000
DeAndre' Bembry,GSW,27,37.0,33.8,-3.188,2.529,31.0,55.0,33.0,33.0,34.0,35.0,0.019
Jerrelle Benimon,FA,30,49.0,47.6,-1.376,1.081,44.0,51.0,46.0,47.0,48.0,49.0,0.031
Anthony Bennett,GSW,28,55.0,54.8,-0.221,1.177,52.0,65.0,54.0,54.0,55.0,55.0,0.089
Ben Bentil,DEN,26,35.0,32.3,-2.663,2.602,30.0,53.0,31.0,31.0,32.0,33.0,0.023
Dāvis Bertāns,ORL,29,56.0,55.0,-0.973,1.688,52.0,67.0,54.0,54.0,55.0,56.0,0.034
Sim Bhullar,MIA,29,57.0,56.1,-0.882,1.183,54.0,65.0,55.0,56.0,56.0,57.0,0.025
Tarik Black,CHA,30,43.0,41.7,-1.308,1.045,39.0,45.0,40.0,41.0,42.0,43.0,0.029
Bojan Bogdanović,ORL,32,49.0,43.2,-5.778,0.936,41.0,46.0,42.0,43.0,44.0,44.0,0.000
Joel Bolomboy,LAC,27,41.0,35.2,-5.779,2.436,33.0,57.0,34.0,34.0,35.0,36.0,0.015
Devin Booker,POR,25,55.0,55.0,0.000,0.000,55.0,55.0,55.0,55.0,55.0,55.0,0.000
Malcolm Brogdon,MIN,29,62.0,61.3,-0.736,0.654,59.0,63.0,61.0,61.0,62.0,62.0,0.016
Anthony Brown,IND,29,56.0,55.1,-0.902,1.174,52.0,66.0,54.0,55.0,55.0,56.0,0.026
Jabari Brown,CHI,29,47.0,44.2,-2.782,2.040,41.0,59.0,43.0,43.0,45.0,45.0,0.016
Jaylen Brown,PHI,25,55.0,55.0,0.000,0.000,55.0,55.0,55.0,55.0,55.0,55.0,0.000
Lorenzo Brown,FA,31,42.0,37.6,-4.355,1.018,35.0,41.0,36.0,37.0,38.0,39.0,0.000
Markel Brown,BOS,29,45.0,42.3,-2.701,2.254,39.0,60.0,41.0,41.0,43.0,44.0,0.019
Nicolás Brussino,PHI,28,44.0,41.5,-2.531,2.637,38.0,59.0,40.0,40.0,42.0,43.0,0.026
Reggie Bullock,ORL,30,56.0,54.8,-1.223,0.619,53.0,56.0,54.0,54.0,55.0,55.0,0.000
Trey Burke,BOS,29,65.0,65.7,0.697,0.745,64.0,68.0,65.0,65.0,66.0,67.0,0.604
Dwight Buycks,LAL,32,40.0,33.9,-6.131,0.648,32.0,36.0,33.0,33.0,34.0,35.0,0.000
Bruno Caboclo,BOS,26,58.0,57.1,-0.864,1.480,55.0,69.0,56.0,56.0,57.0,58.0,0.027
Nick Calathes,NOL,32,42.0,35.7,-6.347,0.784,34.0,38.0,35.0,35.0,36.0,37.0,0.000
Kentavious Caldwell-Pope,FA,28,42.0,39.9,-2.145,2.791,36.0,57.0,38.0,39.0,40.0,41.0,0.029
Michael Carter-Williams,TOR,30,63.0,63.2,0.213,0.659,61.0,65.0,62.0,63.0,64.0,64.0,0.321
Willie Cauley-Stein,DEN,28,56.0,56.4,0.440,1.440,54.0,67.0,55.0,56.0,57.0,57.0,0.374
Coty Clarke,FA,29,53.0,49.9,-3.143,1.733,46.0,62.0,48.0,49.0,50.0,51.0,0.016
Ian Clark,FA,30,42.0,39.7,-2.274,0.940,37.0,42.0,39.0,39.0,40.0,41.0,0.000
Jordan Clarkson,POR,29,63.0,63.2,0.153,0.646,62.0,65.0,62.0,63.0,64.0,64.0,0.281
Pat Connaughton,NYK,28,46.0,41.9,-4.126,2.184,39.0,59.0,40.0,41.0,42.0,43.0,0.015
Quinn Cook,LAL,28,40.0,36.7,-3.336,2.569,34.0,56.0,35.0,36.0,37.0,38.0,0.020
Bryce Cotton,FA,29,38.0,36.6,-1.415,2.267,34.0,55.0,35.0,36.0,37.0,38.0,0.029
Allen Crabbe,FA,29,35.0,32.9,-2.108,2.308,30.0,53.0,31.0,32.0,33.0,34.0,0.019
Jae Crowder (PO),LAL,31,64.0,63.3,-0.745,0.585,62.0,65.0,63.0,63.0,64.0,64.0,0.003
Troy Daniels,FA,30,45.0,42.6,-2.381,0.918,40.0,45.0,41.0,42.0,43.0,44.0,0.000
Brandon Davies,FA,30,48.0,46.8,-1.156,1.052,44.0,50.0,45.0,46.0,48.0,48.0,0.051
Anthony Davis,CLE,28,71.0,72.1,1.112,0.736,70.0,74.0,71.0,72.0,73.0,73.0,0.819
Deyonta Davis,DAL,25,34.0,34.0,0.000,0.000,34.0,34.0,34.0,34.0,34.0,34.0,0.000
Andre Dawkins,FA,30,43.0,40.7,-2.271,0.896,39.0,43.0,40.0,40.0,41.0,42.0,0.000
Branden Dawson,MIL,28,48.0,45.2,-2.765,1.875,42.0,60.0,44.0,44.0,46.0,46.0,0.014
Nando De Colo,POR,34,61.0,59.6,-1.404,0.580,58.0,61.0,59.0,59.0,60.0,60.0,0.000
Bryce Dejean-Jones,HOU,29,34.0,31.3,-2.714,2.365,29.0,50.0,30.0,30.0,31.0,32.0,0.022
Sam Dekker,TOR,27,56.0,54.1,-1.945,1.849,51.0,66.0,53.0,53.0,54.0,55.0,0.027
Cheick Diallo,HOU,25,45.0,45.0,0.000,0.000,45.0,45.0,45.0,45.0,45.0,45.0,0.000
Gorgui Dieng,GSW,31,51.0,45.9,-5.111,1.090,43.0,49.0,45.0,45.0,47.0,47.0,0.000
Spencer Dinwiddie,ORL,28,53.0,51.7,-1.344,1.456,48.0,62.0,50.0,51.0,52.0,53.0,0.048
Andre Drummond,CHA,28,61.0,60.9,-0.107,0.657,59.0,63.0,60.0,60.0,61.0,62.0,0.157
Kris Dunn,ORL,27,41.0,37.2,-3.756,2.983,35.0,57.0,36.0,36.0,37.0,38.0,0.025
Cleanthony Early,BOS,30,53.0,53.2,0.235,0.973,50.0,55.0,52.0,53.0,54.0,54.0,0.441
Jarell Eddie,BOS,30,51.0,50.1,-0.908,0.907,48.0,52.0,49.0,49.0,51.0,51.0,0.052
Joel Embiid,DAL,27,56.0,56.2,0.175,1.414,54.0,66.0,55.0,56.0,56.0,57.0,0.243
James Ennis III,IND,31,36.0,30.7,-5.315,0.654,29.0,32.0,30.0,30.0,31.0,31.0,0.000
Tyler Ennis,PHI,27,62.0,61.7,-0.259,0.747,60.0,64.0,61.0,61.0,62.0,63.0,0.136
Dante Exum,DAL,26,54.0,53.2,-0.820,1.532,50.0,65.0,52.0,52.0,54.0,54.0,0.063
Kay Felder,NYK,26,42.0,38.1,-3.945,2.316,36.0,58.0,37.0,37.0,39.0,39.0,0.014
Cristiano Felício,MEM,29,38.0,36.0,-1.986,2.379,34.0,55.0,35.0,35.0,36.0,37.0,0.020
Yogi Ferrell,CHA,28,57.0,55.5,-1.459,1.384,53.0,66.0,54.0,55.0,56.0,56.0,0.019
Dorian Finney-Smith,BOS,28,43.0,42.3,-0.715,1.915,39.0,58.0,41.0,41.0,43.0,43.0,0.099
Bryn Forbes,DEN,28,45.0,42.0,-2.960,2.352,39.0,59.0,40.0,41.0,42.0,43.0,0.021
Evan Fournier,NOL,29,46.0,44.0,-2.016,2.322,41.0,59.0,42.0,43.0,44.0,45.0,0.025
Jamaal Franklin,FA,30,39.0,35.4,-3.599,0.785,33.0,38.0,34.0,35.0,36.0,36.0,0.000
Patricio Garino,DEN,28,41.0,37.9,-3.096,2.407,35.0,57.0,36.0,37.0,38.0,39.0,0.016
Marcus Georges-Hunt,LAC,27,41.0,38.9,-2.055,2.701,36.0,58.0,37.0,38.0,39.0,40.0,0.025
Rudy Gobert,DEN,29,32.0,29.9,-2.092,2.043,28.0,46.0,29.0,29.0,30.0,31.0,0.023
Archie Goodwin,FA,27,33.0,32.8,-0.191,2.054,30.0,50.0,32.0,32.0,33.0,33.0,0.094
Aaron Gordon,MIL,26,56.0,54.1,-1.875,1.713,51.0,67.0,53.0,53.0,55.0,55.0,0.019
Jerami Grant,TOR,27,55.0,53.1,-1.898,1.639,50.0,66.0,52.0,52.0,54.0,54.0,0.018
Jerian Grant,SA,29,53.0,49.9,-3.134,2.022,46.0,64.0,48.0,49.0,51.0,51.0,0.018
Erick Green,FA,30,34.0,32.8,-1.245,0.765,31.0,35.0,32.0,32.0,33.0,34.0,0.003
P.J. Hairston,DAL,29,48.0,43.2,-4.782,2.567,40.0,60.0,42.0,42.0,44.0,44.0,0.025
Tim Hardaway Jr.,NYK,29,51.0,48.1,-2.893,2.104,45.0,62.0,46.0,47.0,49.0,49.0,0.025
Maurice Harkless,DET,28,79.0,78.0,-0.963,0.322,77.0,79.0,78.0,78.0,78.0,78.0,0.000
Montrezl Harrell,MIL,27,39.0,37.1,-1.945,2.457,35.0,56.0,36.0,36.0,37.0,38.0,0.021
Aaron Harrison,DAL,27,59.0,57.8,-1.194,1.634,55.0,69.0,57.0,57.0,58.0,58.0,0.023
Andrew Harrison,ORL,27,51.0,48.5,-2.548,2.244,45.0,63.0,47.0,47.0,49.0,50.0,0.026
Gary Harris,LAC,27,43.0,40.3,-2.695,2.220,37.0,58.0,39.0,39.0,41.0,42.0,0.015
Joe Harris,FA,30,41.0,39.0,-1.952,1.082,36.0,42.0,38.0,38.0,40.0,40.0,0.003
John Henson,IND,31,59.0,58.0,-1.028,0.589,56.0,59.0,57.0,58.0,58.0,59.0,0.000
Juancho Hernangómez,CLE,26,51.0,48.6,-2.446,1.812,45.0,63.0,47.0,48.0,49.0,50.0,0.015
Willy Hernangómez,OKC,27,51.0,50.1,-0.923,1.870,47.0,63.0,49.0,49.0,51.0,51.0,0.074
Mario Hezonja,ORL,26,53.0,50.9,-2.073,1.821,48.0,64.0,49.0,50.0,52.0,52.0,0.029
Buddy Hield,SAC,29,48.0,45.8,-2.162,1.875,43.0,61.0,44.0,45.0,46.0,47.0,0.020
Darrun Hilliard,ORL,28,54.0,52.0,-1.974,1.932,48.0,65.0,50.0,51.0,53.0,54.0,0.023
Justin Holiday,FA,32,50.0,40.5,-9.549,0.944,38.0,43.0,39.0,40.0,41.0,42.0,0.000
Rondae Hollis-Jefferson,TOR,26,44.0,39.3,-4.706,2.805,36.0,58.0,38.0,38.0,40.0,40.0,0.023
Richaun Holmes,LAC,28,38.0,36.0,-1.970,2.269,33.0,56.0,35.0,35.0,36.0,37.0,0.018
Rodney Hood,ORL,29,58.0,57.1,-0.881,1.245,55.0,67.0,56.0,57.0,57.0,58.0,0.025
Robbie Hummel,FA,32,44.0,39.2,-4.822,1.081,36.0,42.0,38.0,38.0,40.0,41.0,0.000
R.J. Hunter,BOS,28,43.0,40.0,-2.973,2.668,36.0,58.0,38.0,39.0,40.0,41.0,0.025
Joe Ingles,ORL,34,52.0,45.8,-6.183,1.087,42.0,49.0,44.0,45.0,46.0,47.0,0.000
Damien Inglis,GSW,26,44.0,41.0,-3.047,2.288,37.0,59.0,39.0,40.0,41.0,42.0,0.017
Demetrius Jackson,LAC,27,42.0,39.5,-2.495,2.490,36.0,58.0,38.0,38.0,40.0,41.0,0.021
John Jenkins,MIA,30,55.0,54.5,-0.482,0.705,52.0,56.0,54.0,54.0,55.0,55.0,0.051
Grant Jerrett (PO),ATL,28,57.0,55.5,-1.489,1.656,53.0,68.0,55.0,55.0,56.0,56.0,0.024
Brice Johnson,DEN,27,35.0,32.3,-2.725,2.454,30.0,52.0,31.0,31.0,33.0,33.0,0.021
Chris Johnson,FA,31,47.0,41.7,-5.328,0.902,39.0,44.0,41.0,41.0,42.0,43.0,0.000
Stanley Johnson,GSW,25,62.0,62.0,0.000,0.000,62.0,62.0,62.0,62.0,62.0,62.0,0.000
Tyler Johnson,ATL,29,57.0,55.8,-1.243,1.308,54.0,66.0,55.0,55.0,56.0,56.0,0.016
Nikola Jokić,PHI,26,65.0,66.1,1.146,0.774,64.0,68.0,65.0,66.0,67.0,67.0,0.809
Kevin Jones,WAS,32,62.0,61.0,-0.990,0.567,59.0,62.0,60.0,61.0,61.0,62.0,0.000
Perry Jones,FA,30,47.0,45.9,-1.112,0.927,44.0,48.0,45.0,45.0,46.0,47.0,0.037
Terrence Jones (PO),DAL,29,63.0,63.0,-0.017,0.728,61.0,65.0,62.0,63.0,63.0,64.0,0.225
Tyus Jones,POR,25,49.0,49.0,0.000,0.000,49.0,49.0,49.0,49.0,49.0,49.0,0.000
Frank Kaminsky,LAL,28,57.0,56.6,-0.438,1.407,54.0,68.0,56.0,56.0,57.0,57.0,0.051
Sergey Karasev,FA,28,38.0,35.1,-2.855,2.762,32.0,55.0,34.0,34.0,35.0,36.0,0.025
Ryan Kelly,PHI,30,49.0,47.3,-1.693,0.931,45.0,50.0,46.0,47.0,48.0,48.0,0.001
Michael Kidd-Gilchrist,SA,28,62.0,61.3,-0.728,0.657,60.0,63.0,60.0,61.0,62.0,62.0,0.010
Skal Labissière,POR,25,39.0,39.0,0.000,0.000,39.0,39.0,39.0,39.0,39.0,39.0,0.000
Doron Lamb (PO),PHI,30,60.0,59.2,-0.756,0.642,57.0,61.0,58.0,59.0,60.0,60.0,0.009
Jeremy Lamb,FA,29,35.0,33.7,-1.307,1.993,31.0,51.0,33.0,33.0,34.0,34.0,0.015
Joffrey Lauvergne,FA,30,50.0,49.0,-0.965,1.072,46.0,52.0,48.0,48.0,50.0,50.0,0.085
Zach LaVine,BOS,26,55.0,53.7,-1.258,1.647,50.0,66.0,52.0,53.0,54.0,55.0,0.022
Jake Layman,MIL,27,43.0,38.5,-4.460,2.111,36.0,58.0,37.0,38.0,39.0,40.0,0.011
Ricky Ledo,FA,29,42.0,40.0,-1.985,1.938,36.0,57.0,38.0,39.0,41.0,42.0,0.021
Alex Len,LAC,28,49.0,49.2,0.189,1.809,45.0,62.0,48.0,48.0,50.0,51.0,0.376
Meyers Leonard,TOR,29,46.0,47.5,1.485,1.998,44.0,59.0,46.0,46.0,48.0,49.0,0.730
Caris LeVert,NYK,27,52.0,49.6,-2.386,1.861,46.0,63.0,48.0,49.0,50.0,51.0,0.018
Damian Lillard,ATL,31,63.0,60.7,-2.303,0.689,59.0,63.0,60.0,60.0,61.0,62.0,0.000
Kevon Looney,CLE,25,53.0,53.0,0.000,0.000,53.0,53.0,53.0,53.0,53.0,53.0,0.000
Timothé Luwawu-Cabarrot,ATL,26,58.0,57.6,-0.422,1.513,56.0,69.0,57.0,57.0,58.0,58.0,0.046
Trey Lyles,BOS,26,46.0,43.9,-2.054,2.060,40.0,60.0,42.0,43.0,45.0,45.0,0.016
Devyn Marble,FA,29,36.0,34.7,-1.346,1.908,32.0,51.0,33.0,34.0,35.0,35.0,0.016
Boban Marjanović,LAL,33,55.0,51.5,-3.525,1.113,48.0,54.0,50.0,51.0,52.0,53.0,0.000
Jarell Martin,NOL,27,58.0,56.8,-1.243,1.394,55.0,68.0,56.0,56.0,57.0,58.0,0.021
James Michael McAdoo,WAS,28,54.0,52.0,-2.049,1.803,49.0,64.0,50.0,51.0,53.0,53.0,0.020
Ray McCallum,FA,30,51.0,50.0,-0.979,0.898,47.0,53.0,49.0,49.0,51.0,51.0,0.040
Patrick McCaw,MIA,26,55.0,52.9,-2.061,1.778,50.0,65.0,51.0,52.0,53.0,54.0,0.021
CJ McCollum,LAL,30,40.0,35.9,-4.106,0.805,34.0,38.0,35.0,35.0,36.0,37.0,0.000
T.J. McConnell,SAC,29,47.0,44.0,-3.031,2.628,40.0,59.0,42.0,43.0,44.0,45.0,0.029
Chris McCullough,DEN,26,55.0,53.6,-1.376,1.661,50.0,66.0,52.0,53.0,54.0,55.0,0.023
K.J. McDaniels,DEN,28,36.0,31.9,-4.110,2.454,30.0,53.0,31.0,31.0,32.0,33.0,0.018
Doug McDermott,NOL,29,51.0,49.4,-1.633,1.701,46.0,61.0,48.0,48.0,50.0,51.0,0.052
Mitch McGary,FA,29,45.0,43.9,-1.132,2.280,41.0,59.0,42.0,43.0,44.0,45.0,0.053
Ceddanne Rafaela,ORL,28,67.0,67.2,0.177,0.655,65.0,69.0,66.0,67.0,68.0,68.0,0.297
Jordan Mickey,GSW,27,48.0,44.2,-3.773,2.726,40.0,61.0,42.0,43.0,45.0,46.0,0.026
Khris Middleton,FA,30,44.0,42.3,-1.669,0.939,40.0,45.0,41.0,42.0,43.0,44.0,0.004
Quincy Miller,ATL,29,66.0,65.2,-0.815,0.659,63.0,67.0,64.0,65.0,66.0,66.0,0.013
Elijah Millsap,LAL,34,40.0,35.4,-4.588,0.684,34.0,37.0,35.0,35.0,36.0,36.0,0.000
Nikola Mirotić,TOR,30,67.0,67.5,0.549,0.646,66.0,69.0,67.0,67.0,68.0,68.0,0.530
Tony Mitchell,FA,29,33.0,29.1,-3.927,2.441,27.0,49.0,28.0,28.0,29.0,30.0,0.020
Luis Montero,NYK,28,51.0,48.8,-2.229,2.024,46.0,63.0,47.0,48.0,49.0,50.0,0.024
Donatas Motiejūnas,FA,31,53.0,47.9,-5.071,1.097,44.0,51.0,47.0,47.0,49.0,49.0,0.000
Arnett Moultrie (PO),NYK,31,55.0,51.4,-3.642,1.068,48.0,54.0,50.0,51.0,52.0,53.0,0.000
Emmanuel Mudiay,LAL,25,59.0,59.0,0.000,0.000,59.0,59.0,59.0,59.0,59.0,59.0,0.000
Shabazz Muhammad,CHA,29,50.0,48.3,-1.748,2.214,44.0,61.0,46.0,47.0,49.0,50.0,0.035
Xavier Munford,PHI,29,61.0,59.9,-1.072,0.643,58.0,62.0,59.0,60.0,60.0,61.0,0.005
Dejounte Murray,PHI,25,47.0,47.0,0.000,0.000,47.0,47.0,47.0,47.0,47.0,47.0,0.000
Larry Nance Jr.,BOS,28,54.0,53.3,-0.736,1.603,50.0,64.0,52.0,52.0,54.0,54.0,0.063
Shabazz Napier,CHA,30,43.0,42.1,-0.924,0.888,40.0,45.0,41.0,42.0,43.0,43.0,0.044
Raul Neto,GSW,29,58.0,57.4,-0.644,1.314,55.0,68.0,56.0,57.0,58.0,58.0,0.053
Nerlens Noel,CHA,27,54.0,52.7,-1.281,1.554,49.0,64.0,51.0,52.0,54.0,54.0,0.043
Lucas Nogueira,FA,29,48.0,45.5,-2.546,2.333,42.0,61.0,44.0,44.0,46.0,47.0,0.026
Jusuf Nurkić,POR,27,36.0,34.4,-1.560,2.196,32.0,53.0,33.0,34.0,35.0,35.0,0.018
Johnny O'Bryant,ATL,28,36.0,35.0,-0.979,1.928,33.0,54.0,34.0,34.0,35.0,36.0,0.030
Jahlil Okafor,MIL,26,59.0,58.2,-0.845,1.684,56.0,70.0,57.0,57.0,58.0,59.0,0.038
Victor Oladipo,NOL,29,56.0,54.0,-2.015,1.472,51.0,65.0,53.0,53.0,54.0,55.0,0.017
Kelly Olynyk,LAL,30,60.0,60.1,0.119,0.586,59.0,62.0,59.0,60.0,60.0,61.0,0.236
Chinanu Onuaku,MIL,25,49.0,49.0,0.000,0.000,49.0,49.0,49.0,49.0,49.0,49.0,0.000
Kelly Oubre Jr.,PHI,26,41.0,35.7,-5.290,2.552,33.0,57.0,34.0,35.0,36.0,36.0,0.015
Jabari Parker,PHI,26,53.0,50.4,-2.603,1.977,47.0,64.0,49.0,49.0,51.0,52.0,0.020
Adreian Payne,ATL,30,47.0,45.9,-1.121,1.070,43.0,48.0,45.0,45.0,47.0,47.0,0.063
Cameron Payne,GSW,27,66.0,67.0,1.031,0.746,65.0,69.0,66.0,67.0,68.0,68.0,0.761
Elfrid Payton,SA,27,70.0,70.0,0.025,0.664,68.0,72.0,69.0,70.0,70.0,71.0,0.220
Mason Plumlee,FA,31,53.0,48.5,-4.522,1.120,46.0,51.0,47.0,48.0,49.0,50.0,0.000
Jakob Poeltl,CLE,26,43.0,43.0,-0.033,2.069,39.0,57.0,41.0,42.0,44.0,44.0,0.289
Bobby Portis,IND,26,49.0,47.5,-1.479,2.438,44.0,62.0,46.0,46.0,48.0,49.0,0.058
Kristaps Porziņģis,MIN,26,67.0,68.0,0.986,0.728,66.0,70.0,67.0,68.0,68.0,69.0,0.762
Norman Powell,ORL,28,54.0,50.9,-3.088,1.831,47.0,65.0,49.0,50.0,51.0,52.0,0.019
Phil Pressey,FA,30,50.0,45.2,-4.822,1.117,42.0,48.0,44.0,44.0,46.0,47.0,0.000
Taurean Prince,PHI,27,57.0,55.2,-1.837,1.532,52.0,67.0,54.0,55.0,55.0,56.0,0.019
Chasson Randle,NYK,28,37.0,35.6,-1.417,2.353,33.0,55.0,34.0,35.0,36.0,36.0,0.029
Julius Randle,NYK,27,35.0,32.5,-2.462,2.350,30.0,53.0,31.0,32.0,33.0,33.0,0.020
Josh Richardson,FA,28,37.0,35.6,-1.386,2.292,33.0,55.0,34.0,35.0,36.0,36.0,0.019
Malachi Richardson,CLE,25,37.0,37.0,0.000,0.000,37.0,37.0,37.0,37.0,37.0,37.0,0.000
Austin Rivers,POR,29,49.0,46.8,-2.180,2.228,43.0,61.0,45.0,46.0,47.0,48.0,0.028
Brian Roberts,FA,36,37.0,32.7,-4.302,0.979,30.0,36.0,32.0,32.0,33.0,34.0,0.000
Glenn Robinson III,PHI,27,35.0,32.6,-2.374,2.407,30.0,52.0,31.0,32.0,33.0,33.0,0.021
Thomas Robinson (TO),TOR,30,56.0,55.5,-0.506,0.660,54.0,57.0,55.0,55.0,56.0,56.0,0.046
Terrence Ross,MIL,30,59.0,58.1,-0.944,0.639,56.0,60.0,57.0,58.0,58.0,59.0,0.003
D'Angelo Russell,NYK,25,69.0,69.0,0.000,0.000,69.0,69.0,69.0,69.0,69.0,69.0,0.000
Domantas Sabonis,NOL,25,51.0,51.0,0.000,0.000,51.0,51.0,51.0,51.0,51.0,51.0,0.000
JaKarr Sampson,WAS,28,54.0,51.6,-2.357,1.940,48.0,65.0,50.0,51.0,52.0,53.0,0.024
Dario Šarić,NOL,27,60.0,59.5,-0.467,0.740,57.0,61.0,59.0,59.0,60.0,60.0,0.083
Dennis Schröder,POR,28,50.0,47.4,-2.568,1.925,44.0,61.0,46.0,47.0,48.0,49.0,0.018
Wayne Selden,MIL,27,36.0,33.2,-2.847,2.202,31.0,54.0,32.0,32.0,33.0,34.0,0.014
Tornike Shengelia,IND,30,57.0,56.3,-0.745,0.660,55.0,58.0,55.0,56.0,57.0,57.0,0.016
Pascal Siakam,CHA,27,55.0,55.5,0.526,1.435,53.0,66.0,54.0,55.0,56.0,56.0,0.426
Kyle Singler,FA,33,49.0,43.3,-5.724,0.926,41.0,46.0,42.0,43.0,44.0,44.0,0.000
Marcus Smart,MEM,27,64.0,63.4,-0.589,0.677,62.0,65.0,63.0,63.0,64.0,64.0,0.036
Russ Smith,FA,30,44.0,42.5,-1.547,0.937,40.0,45.0,41.0,42.0,43.0,44.0,0.007
Tony Snell,MEM,30,61.0,61.0,0.029,0.569,60.0,62.0,60.0,61.0,61.0,62.0,0.177
Nik Stauskas,MIL,28,57.0,55.0,-1.956,1.534,53.0,67.0,54.0,54.0,55.0,56.0,0.020
Alex Stepheson,LAL,34,40.0,33.7,-6.313,0.682,32.0,35.0,33.0,33.0,34.0,35.0,0.000
David Stockton,FA,30,44.0,42.4,-1.630,0.919,40.0,45.0,41.0,42.0,43.0,44.0,0.007
Jarnell Stokes,NOL,27,56.0,54.0,-1.995,1.608,51.0,66.0,53.0,53.0,54.0,55.0,0.018
Jared Sullinger,MIL,29,61.0,60.4,-0.590,0.657,58.0,62.0,60.0,60.0,61.0,61.0,0.032
Edy Tavares,ATL,29,40.0,36.9,-3.065,2.447,34.0,56.0,35.0,36.0,37.0,38.0,0.018
Jeff Taylor,FA,32,48.0,46.0,-2.012,0.920,43.0,49.0,45.0,45.0,47.0,47.0,0.001
Tyshawn Taylor,MIA,31,56.0,52.4,-3.573,1.068,49.0,55.0,51.0,52.0,53.0,54.0,0.000
Marquis Teague (PO),ATL,28,44.0,42.2,-1.772,2.391,38.0,58.0,40.0,41.0,43.0,44.0,0.032
Adonis Thomas,GSW,28,46.0,41.1,-4.889,2.339,38.0,59.0,39.0,40.0,42.0,42.0,0.017
Mike Tobey,ATL,27,45.0,42.4,-2.553,2.025,39.0,59.0,41.0,42.0,43.0,44.0,0.015
Axel Toupane,NOL,29,32.0,31.0,-1.029,1.442,29.0,46.0,30.0,30.0,31.0,32.0,0.027
Karl-Anthony Towns,DAL,26,68.0,68.6,0.596,0.767,66.0,71.0,68.0,68.0,69.0,70.0,0.552
Myles Turner,SAC,25,55.0,55.0,0.000,0.000,55.0,55.0,55.0,55.0,55.0,55.0,0.000
Tyler Ulis,BOS,25,43.0,43.0,0.000,0.000,43.0,43.0,43.0,43.0,43.0,43.0,0.000
Jonas Valančiūnas,SA,29,66.0,66.1,0.149,0.636,65.0,68.0,65.0,66.0,67.0,67.0,0.274
Denzel Valentine,DAL,28,53.0,50.6,-2.449,2.047,47.0,64.0,49.0,50.0,51.0,52.0,0.025
Fred VanVleet,MIL,27,37.0,35.4,-1.552,2.205,33.0,54.0,34.0,35.0,36.0,36.0,0.018
Rashad Vaughn,POR,25,60.0,60.0,0.000,0.000,60.0,60.0,60.0,60.0,60.0,60.0,0.000
Noah Vonleh,MIA,26,38.0,36.8,-1.179,2.192,34.0,56.0,35.0,36.0,37.0,38.0,0.064
Dion Waiters,FA,30,38.0,36.6,-1.358,0.727,35.0,39.0,36.0,36.0,37.0,38.0,0.006
T.J. Warren,PHI,28,41.0,36.5,-4.520,2.264,34.0,57.0,35.0,36.0,37.0,37.0,0.013
Maalik Wayns,FA,30,47.0,45.5,-1.485,0.939,43.0,48.0,44.0,45.0,46.0,47.0,0.007
David Wear,FA,31,33.0,28.3,-4.716,0.657,26.0,30.0,28.0,28.0,29.0,29.0,0.000
Travis Wear,BOS,31,36.0,32.7,-3.261,0.782,31.0,35.0,32.0,32.0,33.0,34.0,0.000
Isaiah Whitehead,BOS,26,38.0,37.9,-0.090,2.289,35.0,55.0,36.0,37.0,38.0,39.0,0.229
Royce White,FA,30,46.0,39.6,-6.387,1.114,37.0,43.0,38.0,39.0,40.0,41.0,0.000
Shayne Whittington,FA,30,50.0,48.9,-1.051,1.062,46.0,52.0,48.0,48.0,50.0,50.0,0.066
Andrew Wiggins,LAL,26,65.0,64.0,-0.977,0.653,62.0,66.0,63.0,64.0,64.0,65.0,0.006
Alan Williams,FA,28,36.0,34.7,-1.334,2.577,32.0,54.0,33.0,34.0,35.0,35.0,0.024
Troy Williams,NOL,27,39.0,36.4,-2.645,2.518,34.0,55.0,35.0,35.0,37.0,37.0,0.019
Justise Winslow,NOL,25,59.0,59.0,0.000,0.000,59.0,59.0,59.0,59.0,59.0,59.0,0.000
Jeff Withey,MEM,31,45.0,38.0,-6.991,1.037,36.0,42.0,37.0,37.0,39.0,39.0,0.000
Nate Wolters,FA,30,42.0,41.0,-1.001,0.928,39.0,43.0,40.0,40.0,42.0,42.0,0.045
Christian Wood,NYK,26,42.0,38.0,-3.989,2.486,35.0,57.0,37.0,37.0,38.0,39.0,0.017
Delon Wright,CHA,29,45.0,42.8,-2.210,2.320,40.0,60.0,41.0,42.0,43.0,44.0,0.021
Tony Wroten,TOR,28,62.0,61.8,-0.200,0.662,60.0,64.0,61.0,61.0,62.0,63.0,0.126
James Young,IND,26,48.0,45.2,-2.804,2.596,42.0,61.0,43.0,44.0,46.0,46.0,0.028
Joe Young,FA,29,42.0,33.0,-8.972,3.093,31.0,57.0,32.0,32.0,33.0,33.0,0.020
Cody Zeller,NYK,29,51.0,49.9,-1.137,1.948,46.0,62.0,48.0,49.0,50.0,51.0,0.053
Tyler Zeller (PO),OKC,31,60.0,59.1,-0.871,0.570,58.0,60.0,58.0,59.0,59.0,60.0,0.000
Stephen Zimmerman (PO),MIN,25,40.0,40.0,0.000,0.000,40.0,40.0,40.0,40.0,40.0,40.0,0.000
Paul Zipser,MIL,27,44.0,39.2,-4.758,2.480,36.0,58.0,38.0,38.0,40.0,40.0,0.017
