,Team,Name,Age,PER,DWS,EWA,dIQ,Dnk,Drb,End,2Pt,FT,Ins,Jmp,oIQ,Pss,Reb,Spd,Str,3Pt,Hgt,Ovr
0,DET,Arron Afflalo,36,11.442560248085588,0.48908871334209825,0.2169554976684049,32,66,49,60,50,60,42,61,61,46,42,65,64,60,41,57
1,SA,Alexis Ajinça,33,11.648065596019176,0.8296019074706135,0.12560844676811242,56,54,41,53,57,54,58,46,48,40,49,39,61,52,72,58
2,TOR,LaMarcus Aldridge (PO),36,24.460893048136334,1.687348016842269,4.630569272984682,48,76,61,68,78,69,71,63,66,60,79,59,78,38,62,68
3,CHI,Lavoy Allen,32,12.96676327618085,0.6384058419689578,0.3617848572578304,49,48,54,36,49,48,47,43,47,51,71,47,50,51,60,54
4,FA,Ray Allen,46,13.17493409093183,0.2158373078947413,1.0444048450106795,22,29,51,29,58,78,9,28,63,45,15,61,42,73,40,43
5,MIN,Al-Farouq Aminu,31,10.300505495063916,0.31540677712589654,-0.06135670009779405,59,56,51,38,31,41,37,48,41,43,60,49,56,44,52,53
6,MEM,James Anderson (PO),32,11.824294345528081,0.4899325483511047,0.26451017823802886,49,53,57,36,54,54,49,54,57,54,56,60,49,61,44,57
7,MIA,Ryan Anderson (PO),33,17.274849958543236,0.17749706039916277,1.9131042303316297,45,60,59,52,61,66,37,46,61,50,73,43,58,77,55,60
8,MEM,Carmelo Anthony (PO),37,20.038278981048574,0.9082680317795224,3.227363608902075,61,80,65,77,68,70,83,53,70,57,65,60,83,56,51,72
9,MIA,Trevor Ariza,36,9.941075443971275,0.07037293052807536,-0.1716132866689324,53,42,64,47,43,44,34,59,50,61,50,66,55,45,51,59
10,UTA,D.J. Augustin,34,16.038212635230234,0.013382731744923927,1.182807319626266,34,40,74,46,53,70,39,64,55,70,58,67,43,64,19,53
11,POR,Gustavo Ayón,36,9.622310163045674,0.5178904495657456,-0.2305727787675417,55,44,41,40,35,26,30,49,36,49,58,43,53,39,64,50
12,FA,J.J. Barea,37,9.58975523636245,0.28536615408787447,-0.23159603250751384,42,32,74,45,53,51,49,32,51,80,52,34,46,54,20,42
13,SAC,Andrea Bargnani (PO),36,15.369599042770133,0.6847838123097627,1.2966160874940993,38,63,51,51,58,65,74,62,60,57,51,57,62,75,66,64
14,WAS,Brandon Bass,36,14.791611603503771,0.48356612632281654,0.4842626518156967,52,79,50,53,72,52,50,59,35,45,63,55,67,35,56,57
15,TOR,Nicolas Batum (PO),33,13.654029968175477,1.2839774113224642,0.9269283078581178,48,60,61,54,63,61,35,69,49,61,65,67,56,56,55,63
16,CHI,Jerryd Bayless (TO),33,17.772149938298785,0.30224712817625876,1.0100350557453348,54,53,84,46,63,60,65,57,63,75,56,64,44,55,34,62
17,GSW,Michael Beasley,32,17.74774093638269,0.9540658895717763,2.480561566018036,48,72,48,70,69,68,61,66,53,49,64,66,62,55,55,64
18,FA,Rodrigue Beaubois,33,3.1820705553808426,0.37340163185329145,-1.0105472985356907,42,35,58,35,56,52,31,57,46,50,31,45,41,47,35,41
19,DET,Marco Belinelli,35,4.2086835480119955,0.21299283453536538,-0.6885935968154334,32,50,54,59,58,56,33,65,51,49,41,59,50,63,40,53
20,POR,Bismack Biyombo,29,14.521843340801135,0.6068691032149721,0.9792917022181608,45,66,50,43,27,27,47,52,51,44,59,53,68,40,63,56
21,MIN,DeJuan Blair,32,14.046746836918913,0.56889791516044,0.4785357591137592,61,62,51,46,47,35,64,30,55,53,72,36,66,40,53,56
22,FA,Andray Blatche,35,9.58880646782596,0.33462510983456734,-0.18225016300197766,47,59,50,36,40,37,54,45,37,41,54,45,56,32,62,48
23,UTA,Eric Bledsoe,32,7.735741599009439,0.30094362919292467,-0.8152685815725212,64,44,63,45,41,50,45,57,43,64,46,46,46,50,42,55
24,FA,Andrew Bogut,37,11.474696316055798,0.9218889491063541,0.16852816646697638,43,40,41,26,36,27,42,40,36,38,42,53,43,37,67,43
25,FA,Trevor Booker,34,14.143550379913313,0.9387224489337229,0.7696166284381156,50,51,50,39,43,36,39,41,42,46,57,44,60,40,59,51
26,FA,Carlos Boozer,40,11.959096207052255,0.9550706095918429,0.41281597163337613,52,47,39,45,50,32,49,9,48,41,53,18,46,30,57,37
27,ATL,Chris Bosh  (PO),37,20.914033409079977,1.005463472568926,3.3121286813895683,55,72,54,60,46,58,60,59,50,48,64,52,66,65,62,64
28,FA,Avery Bradley,31,9.981875079451964,0.3636330872767989,-0.48982608110199544,45,48,54,41,50,58,36,55,43,51,46,57,53,48,35,48
29,FA,Corey Brewer,35,11.783880375971124,0.3775762407550475,0.38313824190881984,52,58,59,46,46,46,37,43,45,47,41,39,52,50,55,53
30,MIN,Ronnie Brewer,36,7.558340347861097,0.5743674227458315,-0.5371326338550666,51,48,55,57,34,27,25,71,46,49,43,64,50,53,48,57
31,UTA,Aaron Brooks (PO),36,9.14811701987198,0.0023620534607450955,-0.2085461555183041,36,40,67,49,63,61,45,52,47,60,47,59,46,57,27,48
32,ORL,MarShon Brooks,32,19.283753572176956,0.36882491050208704,3.0196119556821603,50,58,65,55,66,58,66,62,58,54,54,61,60,61,40,61
33,CLE,Derrick Brown,34,7.419673161205498,0.7415337548983696,-0.47671691252421633,47,59,55,53,35,30,45,53,45,46,52,61,51,40,48,54
34,UTA,Shannon Brown,36,11.38738660552092,0.028501544980630504,0.21999038482999977,39,65,52,51,64,53,41,65,47,46,44,68,54,48,37,54
35,DET,Kobe Bryant,43,12.226085391694308,0.41658232777985615,0.2812118142779931,40,71,64,55,59,69,75,42,58,53,56,44,61,24,44,53
36,OKC,Chase Budinger,33,11.566727154143924,0.43726053791557884,0.13806992622700826,46,40,59,48,68,60,43,56,52,46,59,53,54,71,48,57
37,UTA,Alec Burks,30,23.212648244004228,0.4846073739360661,3.98727712157569,66,76,69,63,60,59,80,65,77,64,69,62,81,63,44,73
38,FA,Jimmy Butler,32,9.36239085095508,0.6680765180178447,-0.3640516846415068,45,46,48,43,38,54,38,57,41,38,44,47,53,31,48,44
39,LAC,Andrew Bynum (PO),34,19.28561308261252,1.271887780737868,3.106812133887627,51,70,54,43,53,55,88,51,63,53,80,54,82,37,68,65
40,FA,Will Bynum,38,3.270726530359837,0.22730201545850584,-1.3233701903564428,50,39,53,30,38,35,52,25,36,55,47,36,42,36,32,33
41,CLE,Omri Casspi (PO),33,11.140141577104904,1.3472665472103305,0.03745015160890873,45,61,57,49,56,48,47,58,51,57,58,54,54,66,55,59
42,MEM,Mario Chalmers (PO),35,9.664436171710566,0.36026046948602586,-0.26482169605003586,61,38,66,61,45,54,40,59,41,72,42,59,47,59,35,58
43,FA,Tyson Chandler,39,16.74262846471233,1.8900200712648088,2.607362471241394,53,66,54,42,1,30,26,33,41,41,61,45,62,16,74,52
44,ORL,Earl Clark,33,11.263371557745533,0.2921272381402232,0.02858963848103189,41,51,48,44,43,43,43,50,34,38,48,57,52,52,64,51
45,MIA,Darren Collison,34,15.574497627820278,-0.0071298304555662655,1.5480096732375586,37,42,71,56,50,60,27,72,59,65,57,75,52,50,29,58
46,GSW,Mike Conley,34,13.21090669135574,0.3918570988202962,0.6666208266336718,69,49,78,67,64,65,41,68,57,74,54,76,62,52,27,67
47,SAC,Daequan Cook (PO),34,12.572249546862462,0.5443313078143813,0.6098933022597997,55,58,50,46,71,67,28,63,50,44,49,56,49,90,42,59
48,MIN,DeMarcus Cousins,31,24.40391796732482,1.6111922121114408,4.829953648500419,75,79,59,72,56,48,96,42,72,59,78,41,93,37,62,72
49,SA,Jamal Crawford,41,7.718359461213597,0.1222673325247763,-0.20728385722943218,42,56,51,41,55,78,46,53,53,57,34,58,51,49,40,53
50,IND,Jordan Crawford (PO),33,13.699989173306843,0.645325367892306,1.2243945838249546,52,68,65,69,69,63,71,65,58,64,59,66,70,61,37,65
51,FA,Dante Cunningham,34,10.832767116823145,0.30600598310287835,-0.012512482818728016,49,53,49,37,36,38,30,47,47,39,59,49,55,38,57,50
52,MEM,Stephen Curry (PO),33,26.94771466742026,0.9977528743968316,5.959841590522128,61,45,82,65,81,88,65,65,61,79,60,72,59,86,37,71
53,CHI,Glen Davis,35,16.556281674923785,0.7368899224733758,1.1608367666794301,51,61,46,61,43,35,49,45,60,45,67,45,65,37,55,57
54,LAC,Austin Daye (PO),33,15.123323038456899,0.9286622035116756,1.2875977207804732,46,54,63,44,60,54,48,65,52,48,51,60,40,59,62,59
55,FA,Carlos Delfino,39,8.877699648845441,0.8593439112616355,-1.3680868396164076,52,27,47,42,44,47,21,46,42,44,34,49,38,65,44,46
56,HOU,Luol Deng,36,15.72244439281117,1.6944093988133428,1.7567982022290096,56,59,67,58,53,48,37,68,51,53,63,65,60,49,55,63
57,FA,DeMar DeRozan,32,7.002521295789486,0.3712036121644721,-0.5932079621763486,38,65,52,50,67,58,58,64,47,43,44,65,62,32,44,54
58,FA,Boris Diaw,39,13.744037049231677,0.616179839045342,0.9226465796321233,43,28,65,28,33,35,43,23,35,66,59,31,26,59,52,37
59,HOU,Goran Dragić,35,17.577560373322733,0.7344615752515166,2.0833953764935944,54,46,75,66,53,55,55,56,61,85,46,57,47,56,37,62
60,FA,Jared Dudley,36,13.213367645300854,1.0847296345558037,2.606175250648654,41,57,50,51,53,37,32,37,52,51,56,48,61,62,44,52
61,FA,Mike Dunleavy,41,14.161025153273414,0.37301536595577683,1.0525131074261587,43,47,55,29,45,46,17,35,57,38,40,46,46,47,55,47
62,OKC,Kevin Durant (PO),33,17.756805643843002,1.5426020776632068,2.048940287984381,55,73,67,79,62,67,69,76,51,70,61,69,85,54,59,72
63,GSW,Monta Ellis (PO),36,19.33053433554671,0.37439172991413955,3.072463166369375,55,60,75,76,73,59,62,67,59,80,46,70,61,48,33,66
64,CHI,Tyreke Evans (PO),32,16.598190355830134,0.944967158882848,1.9829406352664727,52,66,72,64,62,58,65,67,50,71,60,76,67,54,44,66
65,DEN,Kenneth Faried,32,15.119442862400218,1.1001498018214348,1.5393630447989195,57,66,50,45,36,32,60,40,54,42,76,48,59,29,66,57
66,POR,Jordan Farmar,35,12.295132634569581,0.1767589542550846,0.2802274110287367,42,34,74,49,67,65,43,55,48,79,47,61,43,73,29,56
67,WAS,Derrick Favors,30,20.21923965785075,1.0825647235529043,2.331367126448938,60,78,51,53,45,45,84,44,56,49,74,44,71,50,65,63
68,FA,Raymond Felton,37,8.656444841322804,1.5259087184860753,-1.3847151130358588,44,37,64,65,51,53,36,67,37,70,39,63,48,54,26,52
69,FA,Rudy Fernández,36,8.162016662838308,0.27998664717462046,-0.7500988994272642,38,33,50,43,50,44,32,59,38,62,37,69,36,64,44,50
70,HOU,Landry Fields (PO),33,12.74336965124302,0.9433253847775713,0.6501758054882905,54,52,63,47,42,35,44,65,50,50,59,66,57,35,48,58
71,FA,Gary Forbes,36,5.779675680495969,0.6064027323979949,-1.417991978960905,40,48,47,43,37,40,50,44,42,36,52,45,57,42,48,43
72,FA,Randy Foye,38,9.330625545099585,0.7276880736313335,-0.644408211139861,35,39,57,43,57,61,35,47,47,56,31,49,44,67,37,46
73,FA,Jimmer Fredette,32,6.342957334917622,0.306207668017845,-0.5654136364536954,32,35,61,41,72,64,35,64,41,63,39,63,51,70,29,49
74,DET,Channing Frye,38,10.203405680142316,0.7751547692671207,-0.16610108253956243,45,38,48,48,63,66,29,47,43,48,43,49,53,66,66,56
75,OKC,Sundiata Gaines,35,12.634961163700872,0.1776683207603466,0.11553060285885518,59,42,71,50,35,39,43,53,54,71,46,48,44,46,29,54
76,LAC,Danilo Gallinari (PO),33,17.109112791034367,1.0018706220524805,2.1985821416233304,46,74,68,39,58,66,47,59,58,60,73,69,60,61,59,65
77,FA,Kevin Garnett,45,16.169916870018504,1.52342824250661,2.127785030108671,64,43,49,31,62,62,52,27,47,41,53,26,52,31,63,49
78,CLE,Marc Gasol (PO),36,18.0992070388235,2.175246801165899,2.463021673164926,55,66,61,60,48,48,50,63,51,56,64,59,62,37,66,64
79,FA,Pau Gasol,41,16.759930818076608,2.273624982902361,3.807921981197817,34,52,56,46,56,47,52,42,43,45,71,44,61,33,66,50
80,DEN,Rudy Gay,35,13.646800094852088,0.8643560076344389,1.1782559760411697,61,73,65,70,59,55,60,72,55,59,62,71,72,56,51,70
81,IND,Alonzo Gee,34,12.797604126787824,0.9488604236144588,0.8078631499218688,60,64,58,62,43,45,47,54,56,62,60,59,57,46,45,61
82,LAC,Paul George,31,19.3566567019067,1.2570421008487764,3.565103258066313,75,70,68,51,74,75,75,54,59,61,69,58,60,71,51,70
83,FA,Taj Gibson,36,11.178176974099463,0.9749136201012116,0.03173445524053547,40,57,49,48,38,30,47,60,40,44,46,47,55,26,66,50
84,FA,Drew Gooden,40,14.481220961200975,0.18979150867715935,0.12204176804572431,51,44,45,48,44,42,58,28,45,53,60,30,56,33,59,47
85,OKC,Eric Gordon (PO),33,12.748500961652587,0.4714906746066108,0.3204906972078838,46,62,56,48,68,60,59,73,59,56,40,70,45,63,37,59
86,IND,Marcin Gortat,37,15.128977431897306,1.1197528456165662,1.4273109028087339,48,63,47,65,45,40,47,51,57,43,64,51,65,39,67,60
87,FA,Andrew Goudelock,33,12.548617891936118,0.06364755000498996,0.5725234156058374,33,37,48,41,69,71,46,54,50,44,44,48,45,70,33,44
88,CHA,Danny Granger,38,13.602233499540217,0.4862316481421395,1.0016657648288978,50,67,61,34,68,67,46,43,54,53,46,52,59,54,55,58
89,HOU,Danny Green,34,9.515886151188202,0.8629271589908563,-0.3175747800414828,55,49,61,47,51,54,30,67,39,52,43,64,55,66,48,59
90,SAC,Donté Greene (PO),33,13.718151270631203,0.7434557357480657,0.5919660335523849,46,62,56,37,58,64,38,68,43,49,52,63,50,62,62,59
91,FA,Gerald Green,35,10.65076437612186,0.32368404558464126,0.10202319427896774,36,58,39,41,48,48,47,43,37,41,38,48,50,46,50,41
92,HOU,Jeff Green,35,16.15323715760567,0.609171644529442,1.3957687578535407,33,62,57,59,48,57,45,57,48,43,48,64,62,51,53,56
93,DET,Blake Griffin (PO),32,17.312007360433995,1.7310229092364477,2.057283029113395,46,75,45,72,37,65,77,71,70,53,74,62,79,27,61,66
94,FA,Jordan Hamilton,31,12.148380071507834,0.10975616276088922,0.06999753996504164,50,40,55,36,52,43,49,37,43,49,61,38,49,56,47,46
95,FA,Tyler Hansbrough,36,13.792255915858096,0.9127818281314389,1.1112878435442262,46,69,43,39,40,47,51,35,51,35,53,38,60,39,55,47
96,DET,James Harden (PO),32,24.878543634824485,1.191032286618292,4.496246718823727,61,73,81,62,55,71,64,70,65,70,60,76,65,66,46,73
97,FA,Justin Harper,32,5.2642107970070375,0.06536367868807498,-0.2750190830032146,38,48,38,27,47,37,48,48,35,39,48,50,46,47,51,39
98,SA,Josh Harrellson,32,11.443665892159828,0.453027859831662,0.04585258199833151,58,53,47,44,45,42,39,52,42,42,62,49,48,55,61,56
99,MIA,Devin Harris,38,13.986754753755566,-0.1033014226308148,0.4947968439040488,39,42,69,51,49,39,39,61,47,70,34,78,45,56,34,56
100,WAS,Manny Harris,32,16.433040794338638,0.9465399253992038,1.968611166044498,62,80,73,50,56,66,55,64,62,68,62,62,57,60,42,66
101,FA,Tobias Harris,29,14.982280823293182,0.3139301557105,0.7040898538649936,51,51,47,33,39,45,50,42,48,42,55,43,50,39,52,47
102,FA,Spencer Hawes,33,16.225297695083498,0.29925171549879837,0.7642708347521594,36,40,57,19,49,43,42,45,46,64,61,43,47,40,70,49
103,UTA,Gordon Hayward,31,20.08864290573774,0.12252168843904965,0.6891036898571592,55,68,79,64,62,70,55,77,65,70,60,79,67,69,48,73
104,FA,Gerald Henderson,34,9.81995396373225,0.7092551107919918,-0.16922325474736008,42,59,54,49,51,54,47,59,52,48,51,64,63,40,41,55
105,FA,Xavier Henry,30,6.425335424301696,0.3872413504439323,-0.8383631750730788,46,55,51,32,36,34,38,51,48,40,50,54,50,36,44,45
106,SA,Roy Hibbert,35,17.92604141614027,1.3907613850956444,2.114318600700972,44,58,58,58,45,54,48,55,53,57,77,53,62,21,76,61
107,FA,J.J. Hickson,33,13.730885160471098,1.8779216048066967,1.746522785441474,51,60,47,42,38,44,54,49,55,47,67,49,60,43,58,57
108,FA,Nenê Nenê,39,11.186727834392247,0.9696886073741156,0.06061934793108057,40,48,44,48,36,27,57,33,33,44,51,39,54,30,65,42
109,GSW,George Hill,35,11.282632127292949,0.16066610771249593,0.09365402011084087,48,42,66,44,53,51,30,58,52,54,49,63,40,50,38,54
110,DAL,Jordan Hill,34,16.66443743038198,0.7774973069025419,1.8587160336203288,59,56,44,53,46,45,65,36,56,50,75,38,75,49,68,61
111,CLE,Jrue Holiday (PO),31,20.173782894523335,2.2190081891666082,3.7510776204885325,74,55,72,68,80,62,53,77,62,83,55,69,59,63,33,71
112,DAL,Al Horford,35,18.787369990823493,0.45449154252372387,2.197358697793895,51,69,64,46,66,66,64,42,65,67,73,37,59,53,59,61
113,WAS,Dwight Howard (PO),36,21.588635333843552,1.715311588231984,3.21842555375071,67,87,53,78,22,27,99,64,71,66,80,62,100,26,63,74
114,NYK,Kris Humphries (PO),36,17.790130461940436,0.45447076166883676,2.092795599186594,46,60,54,53,43,47,62,44,55,50,68,43,67,32,62,57
115,FA,Serge Ibaka,32,9.435148219513273,0.1701151584516849,-0.03672008672497736,56,58,36,45,36,39,37,45,40,41,49,48,59,36,69,54
116,LAC,Andre Iguodala (PO),37,13.523494297419559,1.0519283933067927,0.9554354078355897,60,47,76,55,40,35,44,65,59,79,58,69,65,44,44,65
117,OKC,Ersan İlyasova (PO),34,16.921096953110407,1.4186521840658517,1.6612210627903599,54,62,62,59,56,54,52,50,64,56,75,56,69,52,59,65
118,MIN,Kyrie Irving,29,24.843332159786755,1.2090014230263757,4.9425292564996175,58,62,79,48,82,70,65,67,68,82,55,67,65,59,37,68
119,NOL,Jarrett Jack,38,11.684593018067227,0.15787104895307746,0.22394332847253662,46,47,70,43,55,56,41,49,53,67,58,48,49,47,34,52
120,FA,Reggie Jackson,31,11.556236161404295,0.17606496183164994,0.08530565000984273,44,30,58,38,49,56,30,49,43,57,45,54,36,47,33,42
121,CLE,LeBron James (PO),37,27.145250686442694,2.297569864010741,6.766570369228603,66,74,73,65,71,52,77,66,71,83,76,74,84,36,55,76
122,WAS,Al Jefferson (PO),36,14.357438720636011,0.9868336848153649,0.8311054804199665,48,54,61,62,79,55,49,65,54,59,63,58,65,39,63,63
123,IND,Brandon Jennings (PO),32,17.97434608380543,0.6494455129251764,2.788175330895185,53,53,75,63,73,62,53,78,72,68,50,72,63,63,26,66
124,CHI,Jonas Jerebko (TO),34,19.16258541749609,0.8829609060680194,2.3783989557450216,58,69,65,60,54,60,53,46,63,55,66,44,60,57,59,64
125,FA,Chris Johnson,36,15.748053336037124,0.42936640361169837,0.8732033034717301,52,47,39,38,29,40,60,27,36,36,53,34,45,41,63,42
126,HOU,James Johnson,34,6.539357934565365,1.0157938451709545,-1.2904359749397065,61,46,54,51,44,47,45,54,41,52,41,62,51,41,58,58
127,TOR,Joe Johnson (PO),40,10.92474404433963,0.7023991934838785,0.08788126448344849,38,46,61,53,62,66,41,51,55,64,54,57,65,59,48,58
128,FA,Dominique Jones,33,11.255330908879017,0.42322172049845197,0.1005155026426379,50,50,59,37,34,36,60,50,45,68,55,52,46,43,44,52
129,SAC,DeAndre Jordan,33,13.155372300227343,0.8824691080186662,0.5059623435308506,65,59,40,52,19,23,38,60,41,39,66,46,65,23,75,58
130,FA,Cory Joseph,30,12.311217703724683,0.13405828314388155,0.4382139367046051,42,38,67,42,44,43,32,60,50,57,46,59,43,44,35,49
131,LAL,Enes Kanter,29,20.73884599708107,1.4231392987961669,3.738555057875331,72,72,52,57,47,51,69,39,62,49,82,45,76,52,62,66
132,FA,D.J. Kennedy,32,12.640948647585015,0.09246689476441948,0.2535573203767519,44,46,53,37,44,44,42,45,38,53,52,51,46,45,46,45
133,UTA,Andrei Kirilenko,40,5.484069336866686,0.3531233612164552,-1.5653217818004648,51,55,50,34,28,35,30,59,38,58,40,66,57,35,55,55
134,LAL,Linas Kleiza (PO),36,16.869194727741277,0.5891385120239694,1.7264628026660842,55,70,59,62,67,67,67,26,63,52,67,41,49,74,51,61
135,CHA,Brandon Knight,30,16.757395842585375,0.4115182510186366,2.1489075608699038,49,58,80,65,70,65,48,67,68,79,60,65,58,77,33,67
136,FA,Kyle Korver,40,12.683999559037286,0.4973517556317031,0.4047827229520718,42,33,45,42,54,57,19,42,38,43,32,49,37,91,48,47
137,LAC,Kosta Koufos (TO),32,16.63393820459317,1.1470496992840946,1.524889715351318,61,63,43,51,45,39,50,43,53,47,75,47,62,47,72,61
138,DEN,Ty Lawson,34,17.006255116398084,0.6192751204341884,2.448208970461808,56,54,84,68,67,64,54,79,65,78,57,74,66,54,27,68
139,SAC,Courtney Lee,36,9.74893239731457,0.3316498896139318,-0.14760145284053672,48,48,46,49,57,59,25,61,53,45,29,73,54,60,40,57
140,DET,David Lee,38,9.507720569882787,0.8425111751988721,-0.3454350874351367,53,71,50,66,51,50,67,33,54,47,63,38,65,39,57,57
141,FA,Malcolm Lee,31,13.194316380102633,1.1679737603524214,2.058652914690568,49,44,67,42,49,53,38,57,52,63,53,61,46,50,41,56
142,SA,Kawhi Leonard,30,22.12765461037878,1.177210603621665,3.1560649572011488,78,74,65,63,69,68,58,66,72,60,77,62,76,66,48,75
143,FA,Jon Leuer,32,11.7361066537841,0.2671798070305545,0.16720946130278355,37,50,54,43,53,51,43,52,41,41,50,43,48,37,59,45
144,FA,DeAndre Liggins,33,8.321183925511557,0.29605143396184597,-0.23258792126772732,56,55,53,40,43,41,56,46,42,50,52,53,53,39,45,51
145,MIA,Jeremy Lin,33,13.381014949632998,0.12100262226455215,0.6098382531052632,56,54,66,49,39,61,70,57,44,78,54,59,52,39,38,57
146,FA,Shaun Livingston,36,4.424310142453181,0.23685443716957094,-0.45450115024873505,30,36,54,29,39,39,22,57,36,53,40,52,35,35,48,36
147,UTA,Brook Lopez (TO),33,18.641072409871214,0.1467511367951359,0.6944635351058492,38,75,51,40,63,63,77,58,64,47,53,49,80,51,66,62
148,DET,Robin Lopez,33,8.405287748077125,0.39080370134712533,-0.2506107093830726,38,72,43,41,35,41,55,54,47,35,50,53,59,41,69,54
149,SAC,Kevin Love (PO),33,31.516050389371824,1.0657830634197931,6.694239207074284,59,94,69,76,59,70,82,52,87,67,95,57,89,70,52,77
150,SA,Kyle Lowry,35,16.83178644703728,1.349636766210343,2.0971493248575404,68,48,75,55,54,58,48,58,65,83,55,60,50,59,35,65
151,FA,John Lucas III,39,33.3364544773791,-0.0027732247718189485,0.23845338615379458,35,30,64,26,71,64,41,24,55,62,50,31,35,50,18,32
152,FA,Shelvin Mack,31,11.600116200366507,0.6426982102480849,0.6499291854506278,48,37,75,37,45,44,38,53,47,69,55,56,44,50,33,51
153,FA,Ian Mahinmi,35,10.884492117336158,0.764943241718052,0.05387722797689348,54,49,38,47,30,40,48,32,41,29,52,40,66,40,65,50
154,HOU,Kevin Martin (PO),38,23.059962645293034,0.7731857069083296,4.4164900053789875,42,85,61,69,71,78,72,61,64,31,44,65,68,67,48,64
155,WAS,Wesley Matthews (PO),35,11.642697143607943,0.9316167751401562,0.3365904352653956,64,58,62,51,60,66,31,65,61,44,49,67,57,72,37,64
156,LAC,O.J. Mayo (PO),34,14.725687764485157,0.6424834860797409,1.2814363102403905,49,60,63,58,66,54,56,71,59,64,49,64,54,63,40,62
157,MEM,Luc Mbah a Moute,35,16.33344454926555,0.3648994704524531,0.6165234528632934,56,67,52,41,31,36,40,44,47,41,66,43,55,41,55,53
158,MIA,JaVale McGee (PO),33,19.760240975666015,0.9120147553197612,2.334138269559095,59,63,42,58,42,22,62,48,40,47,65,48,70,37,74,60
159,FA,Dominic McGuire,36,9.763681979422646,0.5471067147537281,-0.1503259673096067,46,41,56,35,39,30,33,49,37,49,46,54,43,39,56,47
160,POR,Jodie Meeks,34,10.346945284498855,0.1222000684760105,-0.01830760614005875,44,49,48,50,61,66,23,63,44,35,40,66,47,67,37,52
161,FA,C.J. Miles,34,8.020812503580194,0.7809319232771558,-1.6778765229460366,44,54,43,48,59,55,37,55,43,42,38,61,47,44,44,49
162,UTA,Paul Millsap (PO),36,20.017348383560567,0.8872456607936869,3.384349183612349,77,71,62,77,58,49,60,39,63,57,76,48,72,37,56,68
163,FA,Patty Mills,33,7.382358435178516,0.1325589304095393,-0.19281388655913306,35,32,69,29,67,58,43,42,38,67,47,52,38,55,29,39
164,UTA,Greg Monroe,31,18.794955490500993,0.896430086855651,2.4434523547859563,60,67,49,48,40,36,66,33,53,55,81,32,69,29,62,56
165,LAL,E'Twaun Moore,32,3.40376376594921,0.0014542091608678205,-0.1963477846134395,41,32,64,30,57,60,44,48,43,54,41,43,34,57,34,40
166,WAS,Darius Morris (PO),30,13.102483779823588,0.506351180859869,0.3953654041795565,52,43,66,49,59,59,48,54,51,69,55,58,60,61,40,59
167,OKC,Anthony Morrow,36,10.639871178621213,0.4181753453314429,0.022794271737647524,40,56,49,52,71,71,45,58,50,48,35,70,55,67,40,57
168,FA,Gary Neal,37,10.823664927666043,0.017423863960327617,0.07287150394570911,41,45,64,50,65,48,37,46,50,52,41,46,48,64,37,49
169,MEM,Joakim Noah (PO),36,19.83056825859607,1.1370592802296056,2.664850675686752,45,61,57,54,27,46,46,54,58,63,81,54,63,47,68,62
170,DET,Steve Novak,38,11.005853192301952,0.16351779260916594,0.00040230831522926157,39,45,39,39,69,64,13,55,46,37,31,52,35,95,59,53
171,DAL,Dirk Nowitzki,43,12.44471621783908,0.14213686488551594,0.21160108423889645,30,59,53,38,64,58,46,25,53,42,58,39,63,47,66,50
172,OKC,Greg Oden,33,18.163575827982807,0.9224904423430508,1.508877062007825,58,53,49,44,49,49,80,31,50,54,69,48,54,43,72,59
173,FA,Daniel Orton,31,10.546655251263354,0.5072639866996188,-0.11240034618638411,46,55,48,39,30,28,36,40,39,42,47,46,49,31,58,44
174,CLE,Zaza Pachulia,37,7.182287187111753,0.9030077381358611,-0.6359899440082298,59,58,50,48,31,34,45,37,45,48,66,45,57,25,62,54
175,OKC,Tony Parker,39,13.606822142174655,0.3616128100097062,0.38580545274200945,42,62,71,58,65,53,56,56,59,66,49,64,66,32,30,57
176,FA,Chandler Parsons,33,10.553799644240845,1.8077342387942177,-0.26530257445521105,53,49,49,42,50,26,36,51,47,49,44,53,49,53,55,55
177,FA,Patrick Patterson ,32,8.71932249336873,0.7200535925335817,-0.6572484512071912,42,53,46,46,53,49,41,51,53,41,49,51,48,52,52,52
178,LAC,Chris Paul (PO),36,23.09031234737974,1.1483764632820166,4.5323399064335845,79,60,83,85,77,70,52,64,82,87,52,74,62,53,32,77
179,MEM,Nikola Peković,35,12.726920253117127,0.6569851162151251,0.4467886125330809,53,68,50,46,41,47,68,41,47,47,66,47,59,33,65,56
180,MIA,Paul Pierce (PO),44,16.001214782149045,-0.11298775950927017,1.0606810107657996,46,59,63,41,54,59,48,30,53,63,39,45,52,57,49,55
181,FA,Dexter Pittman,33,12.583138699190798,1.6472206692475906,1.376085360018076,53,51,37,45,46,52,64,42,44,44,57,39,57,36,61,51
182,OKC,Zach Randolph,40,13.311930969105584,0.18280476363228204,0.10205119979588362,54,67,49,45,47,58,60,32,55,41,86,30,71,26,55,52
183,DEN,JJ Redick,37,13.325190254925886,0.39633648427047147,1.0331930476133133,34,51,65,65,61,73,34,60,55,62,47,64,46,78,33,57
184,FA,Luke Ridnour,40,10.219054967139394,1.0018248304613446,-0.3345552849424182,43,29,62,41,47,58,22,36,41,55,27,33,39,45,32,35
185,SAC,Nate Robinson,37,15.60204770262443,0.2808495937877744,1.0344578889751963,53,40,70,49,62,67,48,44,66,76,47,52,42,62,22,56
186,UTA,Rajon Rondo (TO),35,16.166372468659407,0.5643717651110648,2.1599364970861212,72,52,79,73,45,37,55,58,66,77,72,65,60,42,32,67
187,OKC,Derrick Rose (PO),33,19.227413956406576,0.7612577691510855,2.518581286107121,36,59,89,54,78,60,62,81,64,85,58,81,60,47,30,64
188,FA,Ricky Rubio,31,10.34660591893732,1.334126993160646,-0.3993051981893978,57,39,75,58,29,48,36,52,44,70,38,53,37,42,33,53
189,FA,Brandon Rush,36,11.730918934743244,1.0311104173808192,0.448855850787954,29,42,49,48,58,48,16,73,31,46,48,74,55,63,49,52
190,FA,Josh Selby,30,9.686264620040335,0.27235604438389477,-0.6941928397406174,46,37,66,41,45,48,48,60,42,67,51,61,47,51,33,51
191,WAS,Kevin Séraphin (PO),32,15.569746756745179,0.7167153860072767,0.7841838138134376,50,62,44,50,55,50,65,51,37,47,55,55,62,48,67,58
192,CHA,Ramon Sessions,35,13.929128449582096,0.4823989482506543,1.1405159595211163,38,43,85,59,44,54,54,56,60,76,61,59,61,46,33,58
193,CHI,Iman Shumpert (PO),31,12.315797292226014,0.729227355635255,0.5709399710931518,60,47,60,56,54,53,41,56,55,65,49,55,52,52,40,59
194,FA,Chris Singleton,32,9.897375966590008,0.29585023852881365,-0.10911603139408554,54,47,55,40,44,50,26,55,40,37,45,50,42,56,51,51
195,MIN,Donald Sloan,33,8.847686479952568,0.38944820238651706,-0.245627064100308,39,40,73,48,55,62,40,56,48,71,55,55,51,60,33,54
196,POR,Greg Smith,30,10.615285565481,0.8548986511117916,0.005602279614383595,60,57,50,53,49,51,53,42,59,54,60,51,62,51,53,60
197,FA,Jason Smith,35,15.072036364109842,1.9537821630278132,3.4437519983503515,47,50,41,52,50,43,42,45,37,37,51,46,51,39,67,50
198,SAC,Josh Smith (PO),36,21.297698409315625,1.255322886405493,2.634355826525101,63,64,63,75,57,31,62,74,60,69,70,65,71,37,61,70
199,WAS,J.R. Smith (PO),36,12.64381781535072,0.3601851777909145,0.32078688201521655,47,41,56,45,64,61,42,54,66,48,46,55,48,71,44,58
200,SAC,Tiago Splitter,36,12.824521574896234,0.5417489629411982,0.30268005476181975,50,65,49,45,23,37,67,45,51,40,69,47,59,35,72,57
201,FA,Lance Stephenson,31,11.00338747727335,0.9217496318260151,0.3865492839468092,46,38,59,38,41,30,35,62,38,59,45,57,43,40,44,47
202,FA,Amar'e Stoudemire,39,17.452147180635848,1.6698028909233575,3.2234142958092864,33,62,40,54,54,45,69,55,50,39,60,49,76,27,62,53
203,CHI,Rodney Stuckey (PO),35,13.16734446709604,0.42089271917482146,0.5467275905033322,46,69,68,62,49,55,60,66,59,57,56,78,64,52,40,64
204,DET,Jeff Teague (PO),33,18.178566873233642,0.9679732095788632,2.3047239804143786,52,58,83,60,72,49,49,81,59,82,49,82,66,62,36,69
205,DAL,Isaiah Thomas,32,12.526452680554796,0.21646898150892294,0.5082897398151948,40,44,71,55,54,53,37,61,50,69,43,70,52,65,20,55
206,FA,Jason Thompson,35,10.817152832910205,0.9807044820092462,-0.04978035434259726,47,61,45,53,32,25,40,44,47,46,61,46,52,36,63,52
207,MIN,Klay Thompson,31,12.800741280827475,0.9784872512335585,0.70506567003759,57,44,64,53,79,71,44,61,55,62,48,60,51,79,44,63
208,NYK,Tristan Thompson,30,11.674560540346054,0.5989196563339885,0.20363104653224018,51,60,47,38,26,25,51,49,49,40,64,49,62,32,62,54
209,FA,Trey Thompkins,31,11.491431579879645,0.8805219281093396,0.5532593666236125,51,58,44,35,54,53,59,42,44,45,55,43,53,48,53,50
210,CHI,Marcus Thornton (TO),34,16.726953332132247,0.4704740468616903,1.684456540414447,51,67,56,57,69,62,43,64,60,55,40,64,63,68,37,62
211,FA,Jeremy Tyler,30,11.326715519029623,0.09666293974351849,0.02381942358053024,42,47,32,23,28,24,51,34,36,31,48,37,46,28,62,34
212,FA,Ekpe Udoh,34,11.347548031928484,1.4097748963202779,0.11498589610374593,44,44,49,40,32,43,34,52,39,40,42,50,48,40,65,49
213,MIN,Greivis Vásquez (PO),34,14.237667674674013,0.7012399143244739,0.7435277387380803,54,36,73,57,55,53,47,54,51,88,52,62,47,53,44,61
214,FA,Jan Veselý,31,13.568001648069338,0.15977086292757003,0.16172479516436886,50,48,46,33,30,25,39,40,42,46,49,44,47,30,62,45
215,FA,Nikola Vučević,31,12.786374429404527,1.1880699460804673,1.0432940756897815,43,41,39,34,45,29,45,39,49,36,61,35,52,31,65,43
216,OKC,Dwyane Wade (PO),39,14.456789738721847,0.8654510126307235,1.112428797022886,50,70,64,60,60,48,68,50,71,59,49,61,63,25,51,62
217,WAS,Kemba Walker,31,21.992704839441952,1.1442995136315963,3.830561261696788,64,56,76,56,70,61,63,73,77,71,65,68,62,60,28,69
218,FA,Gerald Wallace,39,12.448277694018357,1.1979471978254006,1.1133504720738518,50,56,53,52,38,53,33,39,46,53,51,52,53,35,50,52
219,POR,John Wall,31,20.665676338006886,0.8086414396711927,2.5747423224989117,53,58,75,50,44,51,57,66,52,75,55,77,55,31,45,62
220,FA,Hakim Warrick,39,11.944646377785078,0.1656026453999749,0.11847365774953673,36,60,39,25,32,42,55,13,51,39,52,31,48,31,55,35
221,FA,C.J. Watson,37,9.824753347801964,0.06179629990529833,-0.1322187044765978,37,29,65,44,49,49,45,52,51,67,42,49,37,55,29,44
222,FA,Martell Webster,35,10.860637120903466,0.8731607026306971,0.12394866658326523,40,42,46,51,42,55,26,54,38,44,45,55,47,60,48,48
223,OKC,Russell Westbrook (PO),33,26.271292545219005,1.6044920585479463,6.476268970454263,76,89,80,77,77,72,96,68,69,84,63,72,87,52,39,78
224,FA,David West,41,14.773013724503919,0.8559610737721964,0.8038432977052996,45,65,56,51,52,47,63,37,45,38,62,26,54,32,58,46
225,HOU,Deron Williams,37,14.469696242269114,0.7365555022710916,1.2238288654733878,48,48,82,60,59,68,60,54,56,78,45,61,60,55,34,61
226,IND,Derrick Williams,30,12.890382259777548,0.354160383863232,0.3019485174962969,48,65,51,34,39,39,50,44,56,37,58,32,58,45,52,49
227,FA,Elliot Williams,32,9.240880659801785,0.6268466204848333,-0.4345388134429838,43,62,49,44,54,44,57,53,47,45,50,52,56,48,47,51
228,DET,Jordan Williams,31,19.63918952974845,1.5464703423140893,3.166286360270016,68,70,56,53,52,62,54,51,63,48,69,55,69,46,59,66
229,CHI,Lou Williams (PO),35,17.315782495747147,0.6597537221883248,2.3601247559548924,47,62,72,68,66,62,53,74,72,62,51,77,65,59,29,66
230,SAC,Marvin Williams (TO),35,14.475476795924154,0.84991627408346,1.2211325757809497,60,61,55,47,49,61,39,57,59,49,75,62,57,55,51,62
231,CHI,Reggie Williams,35,7.8142890932396645,0.3111826445486834,-0.44639994720390963,48,42,55,38,61,50,42,46,52,54,52,58,47,57,44,54
232,FA,Terrence Williams,34,12.939205866845809,0.6634381028128088,0.7411296405960455,48,52,53,44,45,35,56,52,52,66,54,47,49,50,44,53
233,SA,Brandan Wright,34,13.170571895143139,0.7531679273318515,0.40511373462147227,51,68,46,38,45,47,36,59,48,35,40,59,57,38,67,57
234,MIN,Dorell Wright (PO),36,17.23352996389801,1.0419296659465123,1.856036593158466,56,51,60,55,62,58,33,63,60,53,57,63,53,68,55,65
235,FA,Nick Young,36,15.200816688831528,0.46515379616055913,1.0013502088919195,35,56,47,47,66,69,46,59,38,39,40,63,50,59,48,51
236,CLE,Thaddeus Young,33,15.702418529151734,1.579928111268864,1.400170847534668,61,73,59,62,62,55,47,61,57,52,62,72,67,55,51,67
237,MEM,Álex Abrines,28,16.603375796184178,0.28116645554622494,1.3211928890063258,42,53,52,40,72,76,36,63,45,42,36,63,45,96,44,57
238,FA,Quincy Acy,31,10.86243454821919,0.5509598986068266,-0.026771647507030358,48,60,52,32,43,46,49,47,40,40,53,53,50,41,59,50
239,SA,Jordan Adams,27,11.403810848520148,0.45548734957998827,0.1417645133149563,54,60,60,37,48,53,52,63,47,55,49,63,59,52,45,58
240,MIL,Steven Adams,28,20.767258902271006,1.4383500841423162,3.4663085476366904,70,67,60,41,33,38,57,45,55,60,74,48,77,45,68,66
241,BOS,Cliff Alexander,26,14.50754598145744,0.01803877167399043,0.06923504193957583,44,45,46,36,41,39,38,46,37,42,44,48,45,39,48,40
242,LAL,Justin Anderson,28,4.578972214573215,0.10807812642831008,-0.5602143014796743,37,48,47,28,40,47,27,59,37,38,48,60,45,50,52,44
243,GSW,Kyle Anderson,28,16.115822260830498,0.5592937479786944,1.2162737801764782,59,58,62,42,58,61,46,55,54,54,65,55,60,51,54,61
244,TOR,Giannis Antetokounmpo,27,18.10780932228552,1.4148071936787598,1.8466238838698268,61,60,70,45,38,48,44,67,53,70,65,66,57,57,62,67
245,DEN,Thanasis Antetokounmpo,29,8.760268223037247,0.18066300905857208,-0.24825116436766048,40,49,51,34,46,44,42,48,40,47,49,50,47,45,47,43
246,UTA,Keith Appling,29,25.052139920761494,0.0007282181863021924,0.07749983183497912,38,43,49,32,43,46,41,45,37,47,46,47,47,41,45,38
247,NYK,Ron Baker,28,3.5468847146857008,0.0063297887020631145,-0.10414021566455395,38,34,58,30,38,37,30,58,31,59,43,57,38,45,37,38
248,HOU,Wade Baldwin,25,10.75742721588427,0.015513165617554853,-0.004583460838533824,38,37,59,18,37,42,38,57,29,60,44,56,38,36,39,36
249,TOR,Harrison Barnes,29,25.300848261512986,1.7518660943959328,5.442181237176478,69,72,70,69,71,77,64,61,77,66,72,63,81,67,51,76
250,FA,Will Barton,30,7.512593380081635,0.1371441497743382,-0.5148944250053228,42,47,47,36,40,40,44,51,39,41,51,49,43,38,40,38
251,TOR,Bradley Beal,28,18.520882302102848,0.6417410582233426,1.4363278665486157,46,61,62,38,59,57,40,62,65,54,49,61,51,63,38,58
252,ATL,Malik Beasley,25,6.073897405687943,0.12487203665977556,-0.6854292531216939,43,50,53,31,52,50,44,53,39,47,46,56,48,50,41,45
253,GSW,DeAndre' Bembry,27,1.335574199250523,0.013671845484364191,-0.10696475354333862,35,44,49,31,35,29,33,54,34,45,49,55,46,34,44,37
254,FA,Jerrelle Benimon,30,7.714083834013578,0.5298175199891912,-0.5478643306591396,44,46,48,37,51,46,51,48,43,51,54,51,57,49,47,49
255,GSW,Anthony Bennett,28,15.66637236049954,0.41006261161257346,0.8831690751654858,62,62,47,40,45,43,66,38,51,45,64,37,62,50,53,55
256,DEN,Ben Bentil,26,4.14740088436037,0.03757492500969771,-0.21181851332297652,37,43,45,31,38,37,38,42,36,42,46,44,43,38,47,35
257,ORL,Dāvis Bertāns,29,13.101098195966856,0.4791933461003742,0.4513328851019088,37,42,52,37,60,64,30,70,35,46,38,67,44,82,59,56
258,MIA,Sim Bhullar,29,14.256060797054955,0.0988836302382995,0.9264036564831827,52,52,56,51,52,50,48,47,52,56,56,50,54,57,47,57
259,CHA,Tarik Black,30,13.057475268580019,0.24256192135109397,0.1740157818619637,45,57,44,30,31,29,47,33,42,43,70,35,57,31,63,43
260,ORL,Bojan Bogdanović,32,10.983795065750764,0.031204802253599794,-0.0005687061407413308,30,52,53,38,51,56,39,54,42,45,46,59,52,56,52,49
261,LAC,Joel Bolomboy,27,-1.0441159446052275,0.02597668769330328,-0.21572754816058823,41,46,48,31,39,38,40,46,39,44,52,48,46,40,49,41
262,POR,Devin Booker,25,9.937431033206414,0.24187550888367715,-0.15663933005676045,38,59,61,43,58,64,54,63,49,59,42,60,54,53,40,55
263,MIN,Malcolm Brogdon,29,13.508654421812905,0.8099680869610849,0.7145591954519109,53,48,72,54,62,64,44,65,52,71,53,67,54,57,40,62
264,IND,Anthony Brown,29,11.37431639804638,0.5345032542224439,0.20424141971966733,43,44,55,43,54,66,30,63,43,45,49,65,55,68,48,56
265,CHI,Jabari Brown,29,7.523507667934654,0.02490038550049282,-0.09225138561586572,36,54,55,29,41,51,42,63,43,50,42,66,50,49,37,47
266,PHI,Jaylen Brown,25,12.978784320740692,1.0210006689969389,0.6911992877544924,54,66,53,28,46,41,53,67,47,46,56,54,56,51,47,55
267,FA,Lorenzo Brown,31,11.487409560246014,0.25199100910855676,0.17657357855267417,40,33,57,33,48,47,37,51,40,63,47,52,38,42,42,42
268,BOS,Markel Brown,29,7.654626738215252,0.0631700923637584,-0.44351967620577154,39,50,49,37,44,50,30,61,43,41,45,60,47,47,40,45
269,PHI,Nicolás Brussino,28,8.988841216698592,0.19564563841373228,-0.11189775088830134,42,37,54,27,47,50,32,49,37,51,53,48,39,64,48,44
270,ORL,Reggie Bullock,30,9.763395666426778,0.24311723634207114,-0.22030720899681142,47,50,50,34,65,63,39,58,49,51,53,57,53,74,44,56
271,BOS,Trey Burke,29,23.682374741766882,0.5534458750502982,4.890364381826743,51,53,81,48,78,82,50,70,72,80,61,65,55,71,24,65
272,LAL,Dwight Buycks,32,5.527605627485053,0.017807543042759947,-0.21676765950613397,41,50,59,38,42,48,47,39,36,53,53,41,48,47,40,40
273,BOS,Bruno Caboclo,26,12.610531846055048,0.6192829129628142,0.45398981540393923,56,54,52,48,49,51,48,51,57,50,52,53,60,50,48,58
274,NOL,Nick Calathes,32,6.2603743817700135,0.13590329600283083,-0.34289215570832,46,26,54,39,42,35,30,50,32,67,43,54,37,36,44,42
275,FA,Kentavious Caldwell-Pope,28,11.163529732943804,0.03299276404085969,0.024832760400072866,50,44,44,31,50,48,14,53,46,32,32,53,39,50,40,42
276,FA,Isaiah Canaan,30,7.341324324389649,0.1642646528959822,-0.3113672751127075,35,45,55,30,43,41,39,57,34,52,42,59,45,58,37,41
277,TOR,Michael Carter-Williams,30,15.001753122821292,1.341269668800083,1.1868317628103051,65,63,69,58,52,46,69,54,52,75,56,54,62,45,46,63
278,DEN,Willie Cauley-Stein,28,15.07548746672645,1.1518797496829325,1.5084273363163052,49,62,48,35,38,36,42,56,44,41,60,58,60,39,68,56
279,FA,Coty Clarke,29,7.158081658828661,0.8319824430087362,-2.132374982310647,44,54,57,47,52,51,48,50,43,54,55,50,60,47,47,53
280,FA,Ian Clark,30,7.812626207057207,0.4413871629580941,-1.3406463958154695,44,37,52,35,48,49,44,44,37,52,47,47,45,49,42,42
281,POR,Jordan Clarkson,29,20.459603904900348,0.6212765022716513,2.763723894698087,56,57,74,51,68,65,54,64,55,74,63,65,57,53,37,63
282,NYK,Pat Connaughton,28,4.3170442797807365,0.18675851104561397,-0.8115410686884998,47,46,54,37,50,53,49,43,41,52,59,43,51,54,43,46
283,LAL,Quinn Cook,28,6.022454885602196,-0.0015011388672530514,-0.14631747884746624,30,38,58,34,50,45,37,60,35,56,39,62,43,52,33,40
284,FA,Bryce Cotton,29,12.113155392355573,0.060373512171750576,0.07996972619408244,35,47,54,29,45,44,45,46,40,50,52,51,49,44,35,38
285,FA,Allen Crabbe,29,6.825417569854774,0.028169068427891998,-0.052689458395751745,35,36,46,34,41,42,32,47,36,43,38,47,39,44,44,35
286,LAL,Jae Crowder (PO),31,15.568455434868836,0.9064688910112002,1.584873429554594,61,60,70,60,63,65,35,58,53,62,57,62,61,62,44,64
287,FA,Troy Daniels,30,10.530909240067917,0.251314237933024,0.0037382627416917497,37,45,53,29,58,49,43,49,46,46,47,48,50,57,44,45
288,FA,Brandon Davies,30,11.56380843803411,1.106199664009893,0.04557639587309213,52,55,50,27,33,37,42,42,38,46,55,48,52,40,58,48
289,CLE,Anthony Davis,28,19.519114111295917,1.8685856380971249,2.6209656918858184,74,78,57,60,55,57,52,47,74,50,68,47,80,55,64,71
290,DAL,Deyonta Davis,25,-5.4587928192359305,0.005061421525040785,-0.1273801644167294,33,50,33,21,30,28,41,38,30,31,50,44,52,32,65,34
291,FA,Andre Dawkins,30,9.18611352651485,0.4020513072658082,-0.543627027854717,42,50,52,37,48,45,46,48,38,48,48,46,46,44,46,43
292,MIL,Branden Dawson,28,7.327847614207241,0.2826213033868654,-0.7347629237481127,42,54,51,35,49,53,40,48,47,46,49,50,54,46,47,48
293,POR,Nando De Colo,34,17.947085910662945,0.6296803086455092,2.143416672418789,61,48,68,47,56,62,53,49,50,78,68,53,46,74,40,61
294,HOU,Bryce Dejean-Jones,29,3.579183164838514,0.01903535269552522,-0.10142465461510847,37,43,47,26,33,34,28,45,34,40,49,47,41,41,44,34
295,TOR,Sam Dekker,27,7.573182067640842,0.2557985344452606,-0.29719533719603786,53,48,51,45,44,48,41,45,55,48,49,45,53,71,47,56
296,HOU,Cheick Diallo,25,10.065002132297744,0.19942754766494256,-0.08045652331568584,44,55,46,31,43,39,51,43,40,45,66,45,56,36,55,45
297,GSW,Gorgui Dieng,31,14.8514847926474,0.3727731932924215,0.5669021261517545,49,51,45,35,35,28,54,43,41,44,71,48,58,29,67,51
298,ORL,Spencer Dinwiddie,28,16.087422033440877,0.137061341882616,1.247141697585711,45,33,72,40,59,58,45,55,48,75,47,50,33,58,41,53
299,CHA,Andre Drummond,28,19.1369287379878,1.5200246060589973,3.0485721753006114,74,67,52,33,26,21,52,29,61,45,70,42,67,36,67,61
300,ORL,Kris Dunn,27,4.687561408157025,-0.008033563817718166,-0.0344886928542748,50,30,59,31,36,31,28,58,32,63,37,51,37,37,42,41
301,BOS,Cleanthony Early,30,15.92906148718586,0.47894693811143696,1.4012159266137016,45,56,53,40,53,60,48,53,37,49,54,53,60,55,51,53
302,BOS,Jarell Eddie,30,14.18504478239354,0.27204866493255014,0.9112832755153788,44,45,54,29,57,63,37,50,45,46,53,53,43,71,47,51
303,DAL,Joel Embiid,27,17.840373793452116,0.32086260308763265,1.4476073417661652,58,58,41,49,53,46,98,13,49,50,60,19,81,29,79,56
304,IND,James Ennis III,31,2.1689695335530637,0.04123740422428479,-0.2690623941424203,33,46,41,27,36,50,28,50,35,35,50,53,39,43,49,36
305,PHI,Tyler Ennis,27,17.18716257511237,1.067521046069397,2.3141552292472016,52,47,79,53,66,64,45,68,45,85,57,65,57,65,34,62
306,DAL,Dante Exum,26,13.925668094219052,0.3320723396512549,0.7660899406344786,48,38,66,21,58,51,27,66,43,68,46,61,40,69,40,54
307,NYK,Kay Felder,26,4.393256037370069,-0.017498017567486722,-0.12033646530004612,40,45,62,26,44,42,48,63,41,60,42,62,45,36,30,42
308,MEM,Cristiano Felício,29,8.267544821641215,0.006778024440421853,-0.02013797410789775,33,43,50,22,29,31,33,45,39,46,59,44,45,30,62,38
309,CHA,Yogi Ferrell,28,11.648394010536377,0.44643504369293463,0.2950559271864536,45,46,69,44,57,64,48,67,47,67,48,68,52,67,27,57
310,BOS,Dorian Finney-Smith,28,15.131603820367767,0.13571431732076708,0.2684125809654979,39,44,47,31,43,47,21,58,36,40,44,58,45,51,48,43
311,DEN,Bryn Forbes,28,9.224224666644107,0.19623903770560436,-0.2984893024599184,33,48,57,36,68,59,41,53,43,53,45,52,45,72,33,45
312,NOL,Evan Fournier,29,8.186415788173194,0.1512086866824459,-0.4817259977778652,42,46,63,26,48,49,45,46,44,59,40,47,43,50,48,46
313,FA,Jamaal Franklin,30,4.751819738363208,0.43653650806948285,-2.5242376385624072,42,43,43,34,42,47,40,43,35,46,45,49,42,48,46,39
314,DEN,Patricio Garino,28,6.425281226414645,0.08521675355372108,-0.33036733206988345,42,49,49,33,46,44,46,43,35,45,51,46,49,47,48,41
315,LAC,Marcus Georges-Hunt,27,11.02348378456709,0.04681866882674006,0.00714702673496595,40,46,50,38,42,45,39,45,41,46,49,48,45,41,46,41
316,DEN,Rudy Gobert,29,7.2572281934039395,0.032609891506633265,-0.054483056083044726,39,49,37,24,17,16,54,19,32,36,68,28,53,5,71,32
317,FA,Archie Goodwin,27,16.628617086707365,0.05322063720168534,0.2742615579536757,43,46,39,21,27,28,39,42,30,36,44,47,47,30,47,33
318,MIL,Aaron Gordon,26,8.974557885310778,0.8661221923340189,-0.542511560980968,51,53,49,59,38,44,39,66,40,41,55,53,56,45,57,56
319,TOR,Jerami Grant,27,8.045587197803542,0.2160666077715079,-0.12581054271776268,44,57,54,32,28,35,42,66,44,46,43,62,53,52,57,55
320,SA,Jerian Grant,29,6.427211427591506,0.10609138058831626,-0.16782192730919976,43,42,68,40,49,53,45,59,48,65,49,61,50,47,37,53
321,FA,Erick Green,30,6.994097709260971,0.0531605096222384,-0.2612702268637756,30,34,53,26,54,50,30,51,39,46,39,50,37,47,37,34
322,DAL,P.J. Hairston,29,5.458690014205669,0.1286037369728765,-0.48170756076608606,41,49,44,39,57,60,34,60,40,34,41,57,44,67,45,48
323,FA,Justin Hamilton,31,10.981711937029752,0.32467043225521147,0.04523740107404549,50,44,50,30,43,47,47,45,38,42,46,47,46,47,52,45
324,NYK,Tim Hardaway Jr.,29,9.693169262836046,0.05998547506689371,-0.19182383224216137,35,54,49,37,63,58,30,62,52,38,33,63,49,66,40,51
325,DET,Maurice Harkless,28,25.86352580606972,1.8152118888260156,5.000650406210939,82,74,68,52,70,59,55,67,88,56,66,67,83,71,50,79
326,MIL,Montrezl Harrell,27,10.876332976912316,0.12238220296237287,-0.004739836646630816,37,52,43,36,26,24,38,49,39,37,48,50,46,30,56,39
327,DAL,Aaron Harrison,27,9.832285899401855,0.3905804501237071,-0.15992848710031662,58,61,57,55,54,51,56,48,53,51,58,51,59,60,46,59
328,ORL,Andrew Harrison,27,8.946003624599516,-0.009141234534705833,-0.1484142652504299,41,45,66,36,33,46,36,63,45,60,37,62,41,46,44,51
329,LAC,Gary Harris,27,8.342484421275351,0.10858513791072932,-0.05266779683819342,46,48,45,40,44,45,34,57,37,39,35,57,46,50,37,43
330,FA,Joe Harris,30,6.201119760072256,0.09357418007817664,-0.32119622780939383,31,44,52,37,54,50,40,54,33,51,44,52,41,65,44,41
331,IND,John Henson,31,16.394911796574824,1.0369801450602545,1.7598626624222697,51,65,58,45,53,39,75,47,55,44,75,49,65,38,64,59
332,CLE,Juancho Hernangómez,26,10.594980940979971,0.5862789458426348,-0.0998170028033799,48,53,51,27,40,45,37,48,46,42,59,51,51,54,55,51
333,OKC,Willy Hernangómez,27,14.719711316975992,0.08491180760315527,0.09927135492476144,55,48,48,35,36,36,65,35,45,54,79,36,56,30,64,51
334,ORL,Mario Hezonja,26,13.447807325688101,0.2070578173218027,0.466997516589545,40,42,56,35,59,68,37,60,38,55,48,59,45,63,51,53
335,SAC,Buddy Hield,29,12.547877201961708,0.03809862624510144,0.056621416185087196,37,44,52,42,64,62,42,54,42,49,50,53,51,70,37,48
336,ORL,Darrun Hilliard,28,13.522497312362129,0.1602314301668464,0.48352784848519326,43,54,57,36,55,55,45,55,49,53,52,58,50,56,44,54
337,FA,Justin Holiday,32,12.451445741573638,0.7344798085078327,0.903634781923908,33,52,59,37,49,61,37,65,39,53,44,61,50,56,45,50
338,TOR,Rondae Hollis-Jefferson,26,2.0338769338220035,0.02061995610772783,-0.05318376446123875,59,44,50,33,30,31,30,39,43,44,57,41,45,30,50,44
339,LAC,Richaun Holmes,28,10.865920965846673,0.028814914793343666,-0.0017982836659603707,29,50,40,33,36,34,37,52,31,35,39,51,46,35,65,38
340,ORL,Rodney Hood,29,14.986151047657636,0.6585190903643171,1.4099402010780064,45,50,61,38,63,58,40,60,53,53,51,59,51,61,51,58
341,FA,Robbie Hummel,32,15.383995699936392,0.2917208468964939,1.9963728484407122,45,45,49,27,61,66,30,34,44,37,51,41,41,65,51,44
342,BOS,R.J. Hunter,28,10.218439706137069,0.1265434119487273,-0.025784820263285407,40,39,48,32,55,55,28,54,37,40,38,54,40,67,42,43
343,ORL,Joe Ingles,34,6.534728397512014,0.12888102383202868,-0.6410235338199005,48,34,61,44,46,50,26,54,33,65,45,60,42,57,48,52
344,GSW,Damien Inglis,26,7.578294766174944,0.01938454398790465,-0.027357503995773337,44,42,53,31,44,43,38,49,36,51,54,49,48,42,49,44
345,LAC,Demetrius Jackson,27,8.488997372390118,0.045131097991257786,-0.06175026372824939,39,45,50,32,40,40,40,47,45,47,51,51,46,41,45,42
346,MIA,John Jenkins,30,13.049111153174657,-0.08884145070338413,0.5857120016867825,35,45,63,45,62,69,40,66,49,53,49,70,47,65,38,55
347,ATL,Grant Jerrett (PO),28,9.553318960731058,0.30563596090493655,-0.44174791255835166,49,58,53,46,55,54,53,51,50,50,51,51,58,63,50,57
348,DEN,Brice Johnson,27,6.860257290709748,0.03304315033616556,-0.08829214162726945,35,42,45,28,39,38,40,42,37,43,46,42,42,38,48,35
349,FA,Chris Johnson,31,9.334358073514382,0.08149521027561545,-0.07071288962368119,46,43,49,36,50,49,36,50,43,45,49,52,47,53,46,47
350,GSW,Stanley Johnson,25,15.05466101614501,0.5349170915996585,1.2593523203277346,66,61,60,48,62,66,64,50,59,59,64,48,57,62,44,62
351,ATL,Tyler Johnson,29,8.399169721802672,0.25875368245732017,-0.8560157175128356,55,55,60,33,48,55,41,61,52,57,55,63,57,51,39,57
352,PHI,Nikola Jokić,26,20.133235535322115,1.8603685242351622,3.6005634792786845,69,56,62,48,54,55,55,44,63,66,77,43,60,44,66,65
353,WAS,Kevin Jones,32,18.09458636121366,0.8129606466103597,1.708951059982052,57,62,57,49,70,46,46,49,63,55,64,48,59,71,51,62
354,FA,Perry Jones,30,13.371292756933677,0.6133226111567114,0.6342142399922368,41,56,49,37,51,45,59,27,47,44,59,32,58,52,59,47
355,DAL,Terrence Jones (PO),29,16.966409313498396,0.48348263491406096,1.032361652518415,65,57,59,44,55,56,51,62,54,51,60,59,57,50,57,63
356,POR,Tyus Jones,25,11.779384540820782,0.10477997676021301,0.044744047670532944,45,34,70,33,43,46,30,66,51,71,42,67,40,48,22,49
357,LAL,Frank Kaminsky,28,14.219734219166153,0.5872599262811857,0.7599693293332233,40,55,54,40,48,49,37,57,48,48,57,57,55,53,66,57
358,FA,Sergey Karasev,28,6.715217648810459,0.0194319513623662,-0.2147443724590679,40,43,46,30,37,47,34,44,39,43,43,43,39,49,47,38
359,PHI,Ryan Kelly,30,10.131335652985024,0.8480701071767283,-0.2864083544989335,31,48,57,31,45,50,28,62,43,43,43,61,42,45,62,49
360,SA,Michael Kidd-Gilchrist,28,14.952940269253126,1.0747216483455109,1.056732793560966,64,67,59,42,51,52,50,56,58,54,62,53,58,50,53,62
361,POR,Skal Labissière,25,19.460406480817486,0.05301376745930663,0.1298884754495677,44,53,45,16,33,32,57,36,39,42,63,38,53,29,60,39
362,PHI,Doron Lamb (PO),30,11.900079683655965,0.7047765567250273,0.3518179930172307,51,63,66,54,58,57,43,60,52,58,56,66,53,65,37,60
363,FA,Jeremy Lamb,29,10.880009360795034,0.02385224920468326,0.03628853755233933,35,43,44,36,44,48,38,42,39,39,41,44,38,45,45,35
364,FA,Joffrey Lauvergne,30,9.878594535629691,1.6461019531098593,-0.7891427766406909,49,48,46,42,46,41,67,38,39,44,58,40,61,42,63,50
365,BOS,Zach LaVine,26,11.530831543213264,0.44245878284479123,0.30871244413798493,48,45,67,35,49,58,50,57,45,71,54,57,49,46,44,55
366,MIL,Jake Layman,27,2.5832692849407124,0.15497117860891543,-0.4581431297364782,36,45,45,34,47,48,37,55,36,39,38,56,42,58,50,43
367,FA,Ricky Ledo,29,11.160792627025025,0.3814266447746126,0.23577145544692885,43,45,49,39,43,46,43,44,44,45,46,43,42,43,47,42
368,LAC,Alex Len,28,17.230630335176663,0.35205992865739305,0.6972226919473918,41,66,44,24,42,40,65,43,37,42,65,44,66,42,68,49
369,TOR,Meyers Leonard,29,33.12973026312389,0.021425741509129785,0.13848600073190132,39,53,48,19,37,46,38,47,41,42,52,47,52,40,66,46
370,NYK,Caris LeVert,27,7.762301177465811,0.2791477479913332,-0.6619765610062545,46,47,58,35,47,45,36,56,45,52,50,59,48,56,44,52
371,ATL,Damian Lillard,31,16.112612631620898,0.08337886050624062,2.12576351325708,39,56,78,61,58,69,50,73,57,76,49,71,62,70,33,63
372,CLE,Kevon Looney,25,5.060626646339258,0.7436319873782387,-0.902443542066359,53,49,52,41,47,49,47,45,50,50,54,46,53,49,48,53
373,ATL,Timothé Luwawu-Cabarrot,26,14.97431857217694,0.41364099674401694,1.0282794499941903,53,59,58,35,48,63,54,53,54,52,48,54,55,62,48,58
374,BOS,Trey Lyles,26,9.647166507838723,0.22941601944320753,-0.30504946225527707,43,49,49,33,46,42,43,44,44,43,60,44,51,48,55,46
375,FA,Scott Machado,31,5.443603340605406,1.1915096092194726,-2.7291086853781086,48,52,58,41,44,41,43,51,42,52,53,53,48,47,45,50
376,FA,Devyn Marble,29,8.563536470978951,0.05186530899983967,-0.07326764275863132,40,40,51,28,33,32,32,48,35,46,50,47,41,40,45,36
377,LAL,Boban Marjanović,33,14.301744412003268,0.6110913417576924,0.749452557904871,41,62,53,37,39,45,65,34,50,49,76,39,59,36,79,55
378,NOL,Jarell Martin,27,11.753769194478037,0.6860458185140432,0.07252612657139038,55,65,55,53,43,42,65,46,50,49,63,47,62,39,58,58
379,WAS,James Michael McAdoo,28,10.015786788211173,0.18263575802409618,-0.09956476315440199,51,59,47,40,46,41,60,44,51,45,53,48,57,41,57,54
380,FA,Ray McCallum,30,15.102590476683327,0.2098435167048336,1.849156652239338,37,41,70,32,63,55,38,64,52,61,46,62,42,55,33,51
381,MIA,Patrick McCaw,26,10.65844051235104,0.014734662045626293,0.02982316498461865,39,43,57,34,52,56,25,75,38,51,41,74,50,60,48,55
382,LAL,CJ McCollum,30,5.25668327581288,0.010969639590821312,-0.1125123675071595,38,48,47,35,49,46,46,54,35,44,41,53,48,54,37,40
383,SAC,T.J. McConnell,29,6.794056545579468,0.05540068182052939,-0.1500158269861408,58,32,64,43,49,38,34,52,33,73,52,53,42,44,32,47
384,DEN,Chris McCullough,26,10.569038581441964,0.7534061840894704,-0.2525130553213942,58,61,48,32,42,38,46,50,41,41,50,50,57,49,60,55
385,DEN,K.J. McDaniels,28,-1.9499387220934725,0.04946022459569034,-0.4929043761677561,32,45,41,25,33,38,35,63,24,39,36,55,45,39,55,36
386,NOL,Doug McDermott,29,11.51018787570767,0.2420853479669946,0.110301981218892,40,56,49,42,57,54,50,49,45,46,52,51,59,59,47,51
387,FA,Mitch McGary,29,15.146957676957992,0.7524392965778983,0.8104903891623132,51,51,39,28,33,31,64,35,37,38,64,39,57,32,66,45
388,ORL,Ceddanne Rafaela,28,20.337279678564247,0.5793730219354972,3.7327318914385006,56,65,65,60,63,72,56,69,59,51,60,68,70,81,38,67
389,FA,Fab Melo,31,10.688317098817308,0.21227072342659534,0.006834714429600207,45,51,55,38,40,44,43,49,40,49,51,53,50,42,49,48
390,GSW,Jordan Mickey,27,5.905053174019524,0.044052978077042164,-0.2904050363431256,52,48,48,38,49,47,52,36,52,42,51,42,47,45,48,48
391,FA,Khris Middleton,30,11.054822893643708,0.19653371018073487,0.0688891698030846,36,48,52,20,48,50,29,51,52,43,44,55,37,52,48,44
392,ATL,Quincy Miller,29,14.685595802357687,0.6970510305098265,1.2111095171818849,61,72,60,72,67,65,60,55,57,64,62,57,63,57,48,66
393,LAL,Elijah Millsap,34,9.2471661123937,0.08068083140280215,-0.024852168535273257,52,49,47,33,34,33,43,36,35,51,46,39,43,44,48,40
394,TOR,Nikola Mirotić,30,20.998791730777842,1.1192013132203111,2.229009764127329,54,77,65,48,51,61,65,60,61,55,65,59,69,64,59,67
395,FA,Tony Mitchell,29,-0.25786467663095036,0.029117030861816637,-0.7326402679622235,44,40,44,28,29,29,35,34,36,41,51,35,40,33,49,33
396,NYK,Luis Montero,28,7.26949394736462,0.13328519948729808,-0.6641477062248592,45,53,52,46,53,49,49,50,43,50,53,51,53,52,47,51
397,FA,Donatas Motiejūnas,31,10.176688341152605,1.1511561274973852,-0.6519105337703935,40,49,51,41,51,49,57,48,40,46,54,47,56,51,65,53
398,NYK,Arnett Moultrie (PO),31,13.892786085373148,0.4579480547465629,0.7650365718279492,50,54,55,33,42,46,48,44,51,45,65,45,57,48,62,55
399,LAL,Emmanuel Mudiay,25,11.329491094762101,0.4945476409632847,0.12749861150444383,44,51,76,41,55,45,58,74,51,79,57,68,55,48,34,59
400,CHA,Shabazz Muhammad,29,12.236520202263785,0.33503145454236516,0.36677149785590535,48,65,47,40,46,46,59,44,52,41,55,46,62,37,46,50
401,PHI,Xavier Munford,29,15.44578684616832,0.732594265561627,1.0204813691492796,60,66,63,54,56,61,53,55,51,60,53,56,59,61,39,61
402,PHI,Dejounte Murray,25,8.206390092472976,0.42957205214442107,-0.39849786080418076,41,45,65,29,45,43,51,58,35,65,50,59,46,41,42,47
403,BOS,Larry Nance Jr.,28,15.131357150617017,0.8620803930748331,1.2142845485423346,60,47,48,41,43,43,36,44,48,44,60,46,61,39,53,54
404,CHA,Shabazz Napier,30,14.698602163568017,0.029533629257058696,0.22274492299202242,41,33,62,31,40,48,33,55,33,69,53,61,44,55,28,43
405,GSW,Raul Neto,29,11.336578234183133,0.24092607798561427,0.07508508916401418,55,43,70,53,59,58,46,65,41,74,50,68,55,65,26,58
406,CHA,Nerlens Noel,27,11.263552220373986,1.0044206193758418,0.05251409001509192,67,51,48,43,25,23,39,49,41,48,61,43,61,17,64,54
407,FA,Lucas Nogueira,29,9.243802718077022,0.11948862918184665,-0.22614512650996446,49,43,52,36,44,44,50,44,45,49,58,44,54,46,48,48
408,POR,Jusuf Nurkić,27,11.361751968234142,0.047181698089693296,0.00946238170512765,54,38,31,25,24,26,63,21,35,36,55,23,50,22,70,36
409,ATL,Johnny O'Bryant,28,11.42803619235199,0.039686546277177014,-0.0008917121642145256,36,47,42,29,33,30,49,44,35,41,53,42,50,34,54,36
410,MIL,Jahlil Okafor,26,12.541532086890422,0.8516394290817244,0.6289305241727298,48,72,46,46,54,47,78,53,53,47,62,51,72,38,63,59
411,NOL,Victor Oladipo,29,8.588817429743699,0.4498963587323497,-0.6849784164202695,56,51,63,45,44,51,48,59,40,67,48,58,53,42,42,56
412,LAL,Kelly Olynyk,30,13.50825450409501,0.5122473978260629,0.7104443608428809,58,59,62,53,57,58,70,37,56,60,67,36,59,51,62,60
413,MIL,Chinanu Onuaku,25,7.945268654299037,0.2535664138725203,-0.36377358942523774,51,52,53,39,43,43,45,46,39,50,54,48,52,44,49,49
414,PHI,Kelly Oubre Jr.,26,-0.39387796985135926,0.05302711692137017,-0.18168598855253015,45,54,41,29,41,38,44,38,41,35,52,41,52,47,52,41
415,PHI,Jabari Parker,26,8.514595797153476,0.8116021462215891,-0.7516025255229578,51,55,54,36,45,40,53,47,49,50,64,50,57,37,51,53
416,ATL,Adreian Payne,30,13.750245004729207,0.16915414403570336,0.21115061753273243,44,55,46,33,40,41,56,40,44,46,65,38,61,39,59,47
417,GSW,Cameron Payne,27,21.214494354631253,0.3290597040945149,2.9890744145211214,73,50,74,58,75,72,53,55,65,75,54,52,51,71,34,66
418,SA,Elfrid Payton,27,18.261781186027047,1.5830510332426095,2.8683625446651675,80,62,76,69,46,38,55,63,56,84,63,59,72,51,38,70
419,FA,Mason Plumlee,31,14.091335287458106,1.4898640390817366,1.7842567422734168,50,60,47,37,30,29,49,49,37,45,58,46,58,39,70,53
420,CLE,Jakob Poeltl,26,20.178809324731038,0.1554315036392629,0.23121311339380554,43,51,42,30,22,24,49,38,37,41,59,42,56,26,69,43
421,IND,Bobby Portis,26,11.360779296292632,0.41079754374093724,0.04668249072089531,50,49,48,32,46,42,53,40,49,45,69,39,54,37,59,49
422,MIN,Kristaps Porziņģis,26,20.6380084841414,1.839936986291118,3.2079995318848327,52,62,57,58,59,63,61,66,52,53,61,60,67,49,77,67
423,ORL,Norman Powell,28,9.525053603883187,0.22191048915145253,-0.19725578992027298,48,47,59,41,53,54,39,59,44,51,53,61,50,56,39,54
424,FA,Phil Pressey,30,11.18596322536637,0.8075729039170899,0.06342512792024438,56,31,70,47,38,41,29,59,37,79,48,60,40,51,23,50
425,PHI,Taurean Prince,27,9.552332491212926,1.162719261274021,-0.4572262911244132,56,57,55,37,49,54,45,62,38,51,51,62,55,51,50,57
426,NYK,Chasson Randle,28,12.51507432941451,-0.014610894547999527,0.024189162103666242,34,42,56,26,43,58,41,47,38,51,41,47,35,52,40,37
427,NYK,Julius Randle,27,6.052298809895313,-0.008395793349389176,-0.0526354325159764,40,39,42,40,35,34,32,40,40,39,41,41,38,35,47,35
428,FA,Glen Rice Jr.,30,3.143518340773696,0.3736819991435549,-1.4149471762707306,48,43,47,40,39,43,44,43,33,47,52,49,45,41,46,42
429,FA,Josh Richardson,28,9.694458850298881,0.08733528084815946,-0.022961819653911874,31,38,49,31,41,39,17,62,35,42,32,64,35,48,42,37
430,CLE,Malachi Richardson,25,-1.5920833603225772,0.11433318525589958,-0.34615815028833097,37,47,47,23,43,44,38,46,39,42,42,49,41,45,45,37
431,POR,Austin Rivers,29,12.239324851053093,0.014933168251750364,0.04857170028425679,38,52,62,42,45,39,40,56,50,58,48,57,44,55,34,49
432,FA,Brian Roberts,36,11.356792187766997,0.14553854193121776,0.09192119459553703,30,35,74,28,65,58,36,40,54,61,48,43,39,51,25,37
433,PHI,Glenn Robinson III,27,4.3734180640732605,0.01768484757567193,-0.04359339275204005,40,44,44,26,35,37,34,43,39,39,47,47,43,38,44,35
434,TOR,Thomas Robinson (TO),30,11.249256493914837,0.4916789809900355,-0.024717578554210792,62,64,52,49,31,32,70,41,42,53,74,39,62,41,59,56
435,MIL,Terrence Ross,30,11.769378582436396,0.4220504338239583,0.3122863176492572,51,58,55,45,69,65,49,54,55,47,49,53,63,70,44,59
436,NYK,D'Angelo Russell,25,19.47970469330919,0.5281196188951397,3.4075883665693265,66,57,74,57,68,62,66,69,63,71,61,68,64,62,37,69
437,NOL,Domantas Sabonis,25,11.373679334787218,0.5152628879064597,0.06734284407279902,41,50,51,31,48,42,42,51,43,48,51,49,54,49,62,51
438,WAS,JaKarr Sampson,28,9.33025156263295,0.19151371278771886,-0.08628150599469071,47,52,56,36,46,45,44,60,40,54,52,58,51,52,51,54
439,NOL,Dario Šarić,27,17.10190278886703,0.7604086830679014,1.99748957700529,50,60,57,45,49,53,69,50,51,59,72,48,64,54,59,60
440,POR,Dennis Schröder,28,7.745721702661269,0.06301380867014529,-0.1377769704068647,50,39,68,28,46,48,40,57,44,70,52,60,49,51,28,50
441,MIL,Wayne Selden,27,1.6447174421263118,0.09208841683423676,-0.6150196299205213,31,43,47,29,37,37,32,56,32,42,37,60,43,44,42,36
442,IND,Tornike Shengelia,30,12.731907038249336,0.7412422857587708,0.6111422459601479,59,63,51,45,50,51,55,42,50,48,61,47,64,50,50,57
443,CHA,Pascal Siakam,27,17.09257440774422,0.8863133268568806,1.4854195663558978,50,53,37,38,47,58,57,53,51,37,52,51,52,49,64,55
444,FA,Kyle Singler,33,9.248838172427956,0.0850465033355271,-0.08208683760631288,37,42,47,39,40,55,33,52,41,51,52,55,53,57,51,49
445,MEM,Marcus Smart,27,13.076213309687613,0.7296741772365689,0.7266071661217097,72,55,70,46,48,45,40,59,58,68,55,58,58,66,37,64
446,FA,Russ Smith,30,9.36960253206163,0.1430755315262634,-0.27897846954683,45,48,51,33,44,49,53,44,39,52,52,46,53,46,44,44
447,MEM,Tony Snell,30,13.688115898715795,0.4794330444961381,0.8310307260106011,42,55,65,43,65,62,39,73,52,53,52,70,62,76,44,61
448,FA,James Southerland,31,14.850221440607422,0.05878606095360129,0.09558300145186109,38,45,47,31,43,38,37,40,33,40,43,47,45,43,48,36
449,MIL,Nik Stauskas,28,10.023734853266001,0.4329092636414695,-0.15736737997277805,38,53,59,42,61,68,29,71,47,53,45,68,52,63,44,57
450,LAL,Alex Stepheson,34,1.3278649326598035,0.015250536743847503,-0.1652112881989017,37,45,46,32,43,37,40,41,43,45,52,43,42,41,54,40
451,FA,David Stockton,30,9.222724150020229,0.14256730031012452,-0.12516798696152773,39,45,55,34,41,42,43,54,39,53,48,56,48,43,43,44
452,NOL,Jarnell Stokes,27,8.941328356332095,0.6502267393834464,-0.6669963388794943,60,54,52,47,42,40,58,44,46,47,58,46,58,42,55,56
453,MIL,Jared Sullinger,29,14.665243038187693,0.864010297899399,1.0725865992951658,64,61,55,49,45,54,50,41,59,55,67,43,59,48,60,61
454,ATL,Edy Tavares,29,6.0275192906776525,0.0028717103942086067,-0.07724047944941233,36,45,48,33,39,39,46,44,34,43,52,46,50,41,56,40
455,FA,Jeff Taylor,32,16.770312231386065,0.01999081119022373,0.2570481704913136,38,55,55,34,49,53,26,55,37,48,45,58,51,54,48,48
456,MIA,Tyshawn Taylor,31,13.343663940960841,0.1458616077960216,0.5156903190414207,55,68,63,37,51,50,62,52,47,56,61,53,63,51,37,56
457,ATL,Marquis Teague (PO),28,11.40411814316279,0.10158053093990169,0.09095457077788896,47,35,67,29,43,43,32,53,37,68,50,50,38,47,38,44
458,GSW,Adonis Thomas,28,4.885868752680043,0.015207191291592622,-0.14559668684430502,48,41,51,41,46,44,40,42,45,48,44,46,43,46,47,46
459,FA,Hollis Thompson,30,11.011321960436963,0.12048864874324197,0.030878311713177037,41,43,46,29,44,43,25,55,40,39,48,52,42,47,51,42
460,ATL,Mike Tobey,27,7.533327483772385,0.010063892757231036,-0.11317694720954102,44,47,50,34,42,42,42,48,44,45,48,49,48,42,49,45
461,NOL,Axel Toupane,29,15.526375793305306,0.03935021217160626,0.07507436829138214,25,38,44,25,42,44,17,53,30,34,32,50,34,51,47,32
462,DAL,Karl-Anthony Towns,26,22.428702722683056,1.0446666115529584,4.251175081496774,55,63,54,71,64,59,72,54,62,60,75,50,75,44,70,68
463,SAC,Myles Turner,25,13.182996020536597,0.34896540932872755,0.2708678534575091,44,60,42,31,51,44,57,57,45,40,50,54,62,42,67,55
464,BOS,Tyler Ulis,25,4.980976836695131,0.047553792754287706,-0.3461101863879899,39,36,66,36,53,47,39,66,44,65,42,66,44,39,20,43
465,SA,Jonas Valančiūnas,29,18.59785834478913,1.4062880153894326,2.726704486227176,55,74,59,51,45,59,60,53,54,58,71,56,73,49,69,66
466,DAL,Denzel Valentine,28,8.94299681670613,0.2202597147608911,-0.3218797257166636,45,40,58,40,66,67,36,53,41,53,53,52,48,85,39,53
467,MIL,Fred VanVleet,27,7.451130372404609,0.03531929226306135,-0.2755619193641151,44,38,55,33,44,45,39,45,41,50,44,44,36,41,37,37
468,POR,Rashad Vaughn,25,15.707054315788652,0.4259399926938025,1.0992698189119963,54,50,53,46,72,66,32,74,43,48,44,71,53,72,44,60
469,MIA,Noah Vonleh,26,11.797634791899156,0.0009880918259967118,0.011726946057539515,41,50,41,25,35,36,43,38,38,35,63,42,47,36,59,38
470,FA,Dion Waiters,30,8.32232374869497,0.012270916760483674,-0.9261156908438949,32,47,54,31,44,43,43,60,43,51,41,56,44,39,33,38
471,PHI,T.J. Warren,28,2.1240848367080543,0.046214905342516086,-0.09854577987883138,35,46,44,34,49,42,36,56,35,40,44,54,49,39,51,41
472,FA,Maalik Wayns,30,10.380782721682799,0.0628247992624128,-0.1544842473826083,43,46,60,37,56,56,51,49,51,58,45,50,43,49,36,47
473,FA,David Wear,31,3.9836234406085045,0.09831972117691443,-0.7559722621952544,34,41,45,27,41,38,38,40,30,44,47,45,43,40,47,33
474,BOS,Travis Wear,31,15.753204749907367,0.02563527872693968,0.07004500470442594,33,38,44,28,36,46,38,52,31,41,47,44,41,36,59,36
475,BOS,Isaiah Whitehead,26,18.10832131738269,0.0374413813542544,0.13264110561529574,32,39,57,24,43,49,38,62,27,58,39,58,42,45,41,38
476,FA,Royce White,30,-4.220076102541062,0.0031435401323310734,-0.15029053693108546,43,55,50,37,43,42,40,46,45,46,48,47,50,50,47,46
477,FA,Shayne Whittington,30,12.01765850663096,0.6584547004577423,0.27805636837102593,49,57,53,28,46,49,52,39,51,46,59,44,51,46,53,50
478,LAL,Andrew Wiggins,26,14.617369282651623,0.9009191921923196,1.357013764177291,53,83,62,54,55,53,58,70,56,57,59,65,77,45,48,65
479,FA,Alan Williams,28,9.870965214144924,0.07088609967420237,-0.040668490438478276,43,37,43,28,36,35,47,39,36,46,54,41,44,36,50,36
480,NOL,Troy Williams,27,6.981585198211277,0.0026312937510574843,-0.11567995733374466,42,47,44,33,40,38,37,52,29,39,39,54,45,45,48,39
481,NOL,Justise Winslow,25,13.151175326250227,0.7732186807992139,0.845150372015257,65,57,58,46,48,44,39,57,48,56,62,57,58,49,46,59
482,MEM,Jeff Withey,31,5.982897446250679,0.05063052540147769,-0.10627095045683682,38,51,44,28,31,33,31,51,31,37,50,55,48,38,70,45
483,FA,Nate Wolters,30,15.541822701279573,0.004783346451340634,0.28011725525708503,32,35,64,28,43,34,27,66,46,56,48,62,37,39,37,42
484,NYK,Christian Wood,26,1.6601107785015519,0.041055430263401076,-0.34336399923489985,42,53,47,34,40,36,39,47,41,39,51,48,45,38,53,42
485,CHA,Delon Wright,29,10.234423958650716,0.09207943209855543,-0.04949081731859633,37,47,60,31,43,41,45,55,42,59,56,59,45,40,42,45
486,TOR,Tony Wroten,28,13.97105773997924,1.0227058703924778,0.8576913497672513,53,54,70,54,50,52,56,56,61,71,58,57,59,55,45,62
487,IND,James Young,26,10.45325339954451,0.21019345809818782,-0.006495682994469403,42,56,50,29,48,51,28,50,48,39,46,54,44,66,44,48
488,FA,Joe Young,29,-17.694975955411326,-0.003058546583434236,-0.2528523150607649,44,39,64,34,52,48,51,45,42,64,53,48,43,43,31,42
489,NYK,Cody Zeller,29,14.315726051998311,0.5833699341764049,1.0498663655399045,47,58,52,33,32,41,46,42,47,49,62,42,49,34,66,51
490,OKC,Tyler Zeller (PO),31,17.123602101213297,0.6817816447275393,0.8277590286247846,46,64,53,47,49,63,46,58,45,53,69,56,65,51,66,60
491,MIN,Stephen Zimmerman (PO),25,17.129327519897505,0.03404824108317894,0.06243897285300746,43,44,45,27,39,37,39,44,37,42,52,45,47,38,55,40
492,MIL,Paul Zipser,27,5.534960536653963,0.11002768133566908,-0.4190486210064867,34,49,49,29,46,51,36,59,33,42,46,58,46,54,51,44
